SOA_Record_ID,Product_ID,Product_Key,Model,Description,Starts,Ends,Window_Days,SOA,Original_Ends,Date_Correction_Flag
1,11,107833-01,107833-01,Dyson Supersonic Hair Dryer,2025-12-31,2026-02-03,35,66.5,2026-02-03,False
2,36,161818-01,161818-01,Dyson Supersonic Ceramic,2025-12-31,2026-02-03,35,66.5,2026-02-03,False
3,39,19750,19750,Russell Hobbs Rice Cooker 1.8Ltr,2026-02-01,2026-02-28,28,5.0,2026-02-28,False
4,48,21270,21270,Russell Hobbs White Textures Jug,2026-02-01,2026-02-28,28,2.29,2026-02-28,False
5,49,21271,21271,Russell Hobbs Black Textures Jug,2026-02-01,2026-02-28,28,2.29,2026-02-28,False
6,50,21274,21274,Russell Hobbs Texture Kettle,2026-02-01,2026-02-28,28,2.29,2026-02-28,False
7,52,21640,21640,Russell Hobbs White Textures 2,2026-02-01,2026-02-28,28,2.29,2026-02-28,False
8,53,21641,21641,RUSSELL HOBBS BLACK,2026-02-01,2026-02-28,28,2.29,2026-02-28,False
9,54,21644,21644,Russell Hobbs Textures Toaster,2026-02-01,2026-02-28,28,2.29,2026-02-28,False
10,57,23211,23211,Luna Moonlight Grey Quiet Boil,2026-02-01,2026-02-28,28,17.08,2026-02-28,False
11,58,23221,23221,Luna Moonlight Grey 2 Slice,2026-02-01,2026-02-28,28,10.83,2026-02-28,False
12,59,232573-01,232573-01,Dyson Bally Multifloor 2,2026-01-21,2026-02-03,14,19.95,2026-02-03,False
13,60,237836-01,237836-01,Dyson RB 360 Vis Nav Robot Vac,2026-01-15,2026-02-03,20,376.29,2026-02-03,False
14,61,23840,23840,Russell Hobbs Travel Kettle,2026-02-01,2026-02-28,28,3.75,2026-02-28,False
15,69,24550,24550,Russell Hobbs 4 Portion Sandwich,2026-02-01,2026-02-28,28,1.66,2026-02-28,False
16,70,24570,24570,DEEP FAT FRYER,2026-02-01,2026-02-28,28,4.58,2026-02-28,False
17,72,24610,24610,Russell Hobbs Jug Blender,2026-02-01,2026-02-28,28,3.88,2026-02-28,False
18,80,25810,25810,George Foreman Fit Grill Medium,2026-02-01,2026-02-28,28,11.04,2026-02-28,False
19,83,26080,26080,RH CLASSIC GLASS KETTLE,2026-02-01,2026-02-28,28,3.75,2026-02-28,False
20,86,26750,26750,Russell Hobbs Bronte Kettle Black,2026-02-01,2026-02-28,28,10.83,2026-02-28,False
21,87,26751,26751,Russell Hobbs Bronte Kettle,2026-02-01,2026-02-28,28,6.39,2026-02-28,False
22,88,26770,26770,Russell Hobbs Bronte Toaster,2026-02-01,2026-02-28,28,10.83,2026-02-28,False
23,89,26771,26771,Russell Hobbs Bronte Toaster,2026-02-01,2026-02-28,28,6.39,2026-02-28,False
24,90,26800,26800,Rusell Hobbs Sandwich Maker,2026-02-01,2026-02-28,28,2.08,2026-02-28,False
25,91,26810,26810,Russell Hobbs 3 in 1 Deep Fill,2026-02-01,2026-02-28,28,7.81,2026-02-28,False
26,96,27600,27600,Russell Blue Steam Genie,2026-02-01,2026-02-28,28,9.16,2026-02-28,False
27,100,28630,28630,Russell Hobbs Blue Iron,2026-02-01,2026-02-28,28,16.66,2026-02-28,False
28,103,32LQ63006LA.AEK,32LQ63006LA.AEK,"LG 32"" Television",2025-12-03,2026-01-27,56,43.0,2026-01-27,False
29,110,394433-01,394433-01,V10 Absolute (2022 New Code),2025-12-31,2026-02-03,35,66.5,2026-02-03,False
30,123,43NANO81A6A.AE,43NANO81A6A.AE,LG 43in,2026-01-19,2026-01-27,9,18.06,2026-01-27,False
31,124,43NANO81T6A.AE,43NANO81T6A.AE,"LG 43"" Nano 4K TV",2025-12-03,2026-01-27,56,38.7,2026-01-27,False
32,125,43QNED70A6A.AE,43QNED70A6A.AE,LG 43in,2026-01-19,2026-01-27,9,30.1,2026-01-27,False
33,126,43QNED80T6A.AE,43QNED80T6A.AE,"LG 43"" QNED 4K Smart TV",2025-12-03,2026-01-27,56,155.66,2026-01-27,False
34,128,43QNED82A6B.AE,43QNED82A6B.AE,LG 43in,2026-01-19,2026-01-27,9,17.2,2026-01-27,False
35,130,43QNED87A6D.AE,43QNED87A6D.AE,LG 43inch QNED Mini LED Evo AI,2026-01-14,2026-01-27,14,54.18,2026-01-27,False
36,132,43UA73006LA.AEK,43UA73006LA.AEK,LG 43in UA 43UA TV,2026-01-14,2026-01-27,14,6.02,2026-01-27,False
37,133,43UA75006LA.AEK,43UA75006LA.AEK,LG 43in UA 43UA TV,2026-01-14,2026-01-27,14,12.9,2026-01-27,False
38,134,43UT81006LA.AEK,43UT81006LA.AEK,"LG 43"" UHD 4K Smart TV",2025-12-03,2026-01-27,56,62.78,2026-01-27,False
39,136,447033-01,447033-01,Dyson V15 Detect Absolute,2026-01-21,2026-02-03,14,66.5,2026-02-03,False
40,138,454856-01,454856-01,Dyson HP10 Hot & Cool Purifier,2026-01-21,2026-02-03,14,66.5,2026-02-03,False
41,142,476597-01,476597-01,Dyson V11 Extra SV28,2026-01-07,2026-02-03,28,99.75,2026-02-03,False
42,145,492637-01,492637-01,New V8 Advanced,2026-01-07,2026-02-03,28,66.5,2026-02-03,False
43,146,492666-01,492666-01,Dyson Wash G1 Floor Cleaner,2026-01-20,2026-02-03,15,199.5,2026-02-03,False
44,149,509266,509266,Sennheiser Momentum 4 Black,2026-02-01,2026-02-28,28,34.4,2026-02-28,False
45,151,50NANO81A6A.AE,50NANO81A6A.AE,LG 50in,2026-01-19,2026-01-27,9,18.92,2026-01-27,False
46,152,50NANO81T6A.AE,50NANO81T6A.AE,"LG 50"" Nano 4K Smart TV",2025-12-03,2026-01-27,56,56.76,2026-01-27,False
47,154,50QNED70A6A.AE,50QNED70A6A.AE,LG 50in,2026-01-14,2026-01-27,14,48.16,2026-01-27,False
48,155,50QNED80T6A.AE,50QNED80T6A.AE,"LG 50"" QNED 4K Smart TV",2025-12-03,2026-01-27,56,154.8,2026-01-27,False
49,156,50QNED82A6B.AE,50QNED82A6B.AE,LG 50in,2026-01-19,2026-01-27,9,29.24,2026-01-27,False
50,157,50QNED87T6B.AE,50QNED87T6B.AE,"LG 50"" QNED TV",2025-12-03,2026-01-27,56,187.48,2026-01-27,False
51,158,50UA73006LA.AEK,50UA73006LA.AEK,LG 50in UA 50UA TV,2026-01-19,2026-01-27,9,18.92,2026-01-27,False
52,160,50UA75006LA.AEK,50UA75006LA.AEK,LG 50in UA 50UA TV,2026-01-14,2026-01-27,14,31.82,2026-01-27,False
53,161,50UT81006LA.AEK,50UT81006LA.AEK,"LG 50"" UHD 4K Smart TV",2025-12-03,2026-01-27,56,61.92,2026-01-27,False
54,163,5109BQBE,5109BQBE,HONOR Magic7 Lite 8+512GB,2026-02-03,2026-02-28,26,63.86,2026-02-28,False
55,164,5109BUUP,5109BUUP,HONOR 400 8GB+256GB,2026-02-03,2026-02-28,26,87.08,2026-02-28,False
56,165,5109CAHF,5109CAHF,HONOR 400 Smart 6GB+128GB,2026-02-03,2026-02-28,26,23.22,2026-02-28,False
57,166,514298-01,514298-01,Dyson Supersonic Nural,2025-12-31,2026-02-03,35,66.5,2026-02-03,False
58,168,544587-01,544587-01,Dyson Humidity+Cool Air Purifier,2026-01-21,2026-02-03,14,66.5,2026-02-03,False
59,171,55NANO81A6A.AE,55NANO81A6A.AE,LG 55,2026-01-14,2026-01-27,14,30.96,2026-01-27,False
60,172,55NANO81T6A.AE,55NANO81T6A.AE,"LG 55"" Nano 4K Smart TV",2025-12-03,2026-01-27,56,55.9,2026-01-27,False
61,173,55QNED70A6A.AE,55QNED70A6A.AE,LG 55in,2026-01-14,2026-01-27,14,18.06,2026-01-27,False
62,174,55QNED80T6A.AE,55QNED80T6A.AE,"LG 55"" QNED 4K Smart TV",2025-12-03,2026-01-27,56,172.0,2026-01-27,False
63,176,55QNED82A6B.AE,55QNED82A6B.AE,LG 55in,2026-01-19,2026-01-27,9,30.1,2026-01-27,False
64,177,55QNED87A6B.AE,55QNED87A6B.AE,LG 55in,2026-01-19,2026-01-27,9,28.38,2026-01-27,False
65,178,55QNED87T6B.AE,55QNED87T6B.AE,"LG 55"" QNED 4K Smart TV",2025-12-03,2026-01-27,56,272.62,2026-01-27,False
66,179,55UA73006LA.AEK,55UA73006LA.AEK,LG 55in UA 55UA TV,2026-01-19,2026-01-27,9,18.92,2026-01-27,False
67,180,55UT81006LA.AEK,55UT81006LA.AEK,"LG 55"" UHD 4K Smart TV",2025-12-03,2026-01-27,56,93.74,2026-01-27,False
68,182,586121-01,586121-01,Dyson Car & Boat Handheld Vac,2026-01-07,2026-02-03,28,33.25,2026-02-03,False
69,183,586344-01,586344-01,Dyson AM15 Hot & Cold Fan,2026-01-07,2026-02-03,28,33.25,2026-02-03,False
70,184,588K9B,588K9B,HP DESKJET 2820E AIO,2026-02-04,2026-02-28,25,12.04,2026-02-28,False
71,185,588Q0B,588Q0B,HP DeskJet 2810e,2026-02-04,2026-02-28,25,9.03,2026-02-28,False
72,186,598961-01,598961-01,Dyson Airstrait Rose Gold & Pink,2026-01-07,2026-02-03,28,99.75,2026-02-03,False
73,187,601857-01,601857-01,Dyson Airwrap Ceramic Pink /,2026-01-21,2026-02-03,14,33.25,2026-02-03,False
74,190,65NANO81A6A.AE,65NANO81A6A.AE,LG 65in,2026-01-19,2026-01-27,9,18.92,2026-01-27,False
75,191,65NANO81T6A.AE,65NANO81T6A.AE,"LG 60"" Nano Smart TV",2025-12-03,2026-01-27,56,59.34,2026-01-27,False
76,192,65QNED70A6A.AE,65QNED70A6A.AE,LG 65in,2026-01-19,2026-01-27,9,30.1,2026-01-27,False
77,193,65QNED80T6A.AE,65QNED80T6A.AE,"LG 65"" QNED 4K Smart TV",2025-12-03,2026-01-27,56,258.0,2026-01-27,False
78,194,65QNED82A6B.AE,65QNED82A6B.AE,LG 65in,2026-01-19,2026-01-27,9,58.48,2026-01-27,False
79,196,65QNED87A6B.AE,65QNED87A6B.AE,LG 65in,2026-01-19,2026-01-27,9,56.76,2026-01-27,False
80,198,65QNED87T6B.AE,65QNED87T6B.AE,"LG 65"" QNED 4K Smart TV",2025-12-03,2026-01-27,56,325.94,2026-01-27,False
81,199,65QNED91T6A.AE,65QNED91T6A.AE,"LG 65"" QNED MiniLED TV",2025-12-03,2026-01-27,56,269.18,2026-01-27,False
82,200,65UA73006LA.AEK,65UA73006LA.AEK,LG 65in UA 65UA TV,2026-01-19,2026-01-27,9,12.9,2026-01-27,False
83,201,65UA75006LA.AEK,65UA75006LA.AEK,LG 65in UA 65UA TV,2026-01-19,2026-01-27,9,18.06,2026-01-27,False
84,203,65UT81006LA.AEK,65UT81006LA.AEK,"LG 65"" UHD 4K Smart TV",2025-12-03,2026-01-27,56,124.7,2026-01-27,False
85,205,700174,700174,Sennheiser ACCENTUM Black,2026-02-01,2026-02-28,28,11.18,2026-02-28,False
86,206,700177,700177,Sennheiser Accentum PLus White,2026-02-01,2026-02-28,28,15.91,2026-02-28,False
87,207,700262,700262,Sennheiser Accentum True,2026-02-01,2026-02-28,28,9.89,2026-02-28,False
88,208,700365,700365,Sennheiser Momentum Tue,2026-02-01,2026-02-28,28,12.04,2026-02-28,False
89,209,75NANO81A6A.AE,75NANO81A6A.AE,LG 75in,2026-01-14,2026-01-27,14,61.92,2026-01-27,False
90,210,75NANO81T6A.AE,75NANO81T6A.AE,"LG 75"" Nano Smart TV",2025-12-03,2026-01-27,56,172.0,2026-01-27,False
91,211,75QNED80T6A.AE,75QNED80T6A.AE,"LG 75"" QNED80 AI 4K Smart TV",2025-12-03,2026-01-27,56,485.04,2026-01-27,False
92,212,75QNED87T6B.AE,75QNED87T6B.AE,"LG 75"" QNED 4K Smart",2025-12-03,2026-01-27,56,426.56,2026-01-27,False
93,213,75UA75006LA.AEK,75UA75006LA.AEK,LG 75in UA 75UA TV,2026-02-11,2026-03-17,35,30.96,2026-03-17,False
94,215,75UT81006LA.AEK,75UT81006LA.AEK,"LG 75"" UT81 UHD 4K SMART TV",2025-12-03,2026-01-27,56,184.04,2026-01-27,False
95,217,86NANO81A6A.AE,86NANO81A6A.AE,LG 86in,2026-01-19,2026-01-27,9,61.92,2026-01-27,False
96,218,86NANO81T6A.AE,86NANO81T6A.AE,"LG NANO Televion 86""",2025-12-03,2026-01-27,56,287.24,2026-01-27,False
97,219,86UT81006LA.AEK,86UT81006LA.AEK,"LG 86"" 4K HDR LED Television",2025-12-03,2026-01-27,56,337.98,2026-01-27,False
98,247,AF100UK,AF100UK,Ninja Air Fryer,2026-02-11,2026-02-17,7,14.17,2026-02-17,False
99,249,AF160UK,AF160UK,Ninja Air Fryer Max,2026-02-11,2026-02-17,7,21.25,2026-02-17,False
100,250,AF180UK,AF180UK,Ninja Air Fryer MAX PRO 6.2L,2026-01-23,2026-01-27,5,14.17,2026-01-27,False
101,251,AF300UK,AF300UK,Ninja Dual Zone Air Fryer,2026-02-11,2026-02-17,7,31.67,2026-02-17,False
102,252,AF400UK,AF400UK,Ninja Foodi Max Dual Zon Fryer,2026-02-18,2026-02-24,7,30.92,2026-02-24,False
103,253,AF451UK,AF451UK,Ninja Foodi MAX Dual Zone Air,2026-01-21,2026-01-27,7,29.92,2026-01-27,False
104,254,AF500UK,AF500UK,Ninja Foodi FlexDrawer 10.4L,2026-02-11,2026-02-17,7,44.58,2026-02-17,False
105,256,AG651UK,AG651UK,Ninja Foodi Max Pro Health Grill,2026-01-23,2026-02-03,12,43.83,2026-02-03,False
106,263,AS7500,AS7500,Remington 1000W Air Styler,2026-02-01,2026-02-28,28,5.0,2026-02-28,False
107,264,AS8901,AS8901,Remington Hydraluxe Volume,2026-02-01,2026-02-28,28,11.25,2026-02-28,False
108,265,AS8930U51,AS8930U51,Remington AIRvive 2in1 Air Styler,2026-02-01,2026-02-28,28,8.75,2026-02-28,False
109,287,BC151UKNV,BC151UKNV,Ninja Blast Blender,2026-01-23,2026-02-03,12,7.08,2026-02-03,False
110,288,BC251UKPK,BC251UKPK,Ninja Blast Max Cordless Portable,2026-02-18,2026-02-24,7,12.42,2026-02-24,False
111,291,BCG600SILUK,BCG600SILUK,Sage TheDoseControl Pro Grinder,2026-01-28,2026-03-03,35,6.25,2026-03-03,False
112,292,BCG820BSSUK,BCG820BSSUK,Sage St/St Smart Grinder Pro,2025-12-24,2026-01-27,35,4.5,2026-01-27,False
113,294,BES875UK,BES875UK,Sage St/St Barista Express Coffee,2025-12-24,2026-01-27,35,40.0,2026-01-27,False
114,305,BJE430SILUK,BJE430SILUK,Sage Nutri Juicer Cold,2025-12-24,2026-01-27,35,6.0,2026-01-27,False
115,309,BN650UK,BN650UK,Ninja Food Processor 850w Auto,2026-01-23,2026-02-03,12,26.33,2026-02-03,False
116,311,BN800UK,BN800UK,NINJA 3 IN 1 FOOD,2026-02-18,2026-02-24,7,31.67,2026-02-24,False
117,314,BRB70F26DES0EU,BRB70F26DES0EU,Samsung Integrated Series 6,2026-02-11,2026-02-28,18,81.7,2026-02-28,False
118,315,BRR29600EWW/E,BRR29600EWW/E,Samsung Integrated Tall Larder,2026-02-11,2026-02-28,18,164.26,2026-02-28,False
119,317,BU3521UK,BU3521UK,Shark Clean & Empty Cordless,2026-02-18,2026-02-24,7,101.25,2026-02-24,False
120,331,CB350UK,CB350UK,Ninja Foodi Power Nutri Blender,2026-02-18,2026-02-24,7,14.17,2026-02-24,False
121,334,CI100UK,CI100UK,Ninja 'Foodi' 3-in-1 Food Prep,2026-01-23,2026-02-03,12,21.25,2026-02-03,False
122,335,CI53W,CI53W,REMINGTON SHINE THERAPY,2026-02-01,2026-02-28,28,5.29,2026-02-28,False
123,336,CI8930U51,CI8930U51,Remington AIRvive 2in1 Air Styler,2026-02-01,2026-02-28,28,15.83,2026-02-28,False
124,361,D3010,D3010,Remington Hair Dryer,2026-02-01,2026-02-28,28,0.58,2026-02-28,False
125,364,DECOBE253PK,DECOBE253PK,TP Link Whole Home Mesh Wi-Fi,2026-02-04,2026-02-28,25,38.23,2026-02-28,False
126,365,DECOM4KIT,DECOM4KIT,DECOM4 3pk Mesh Home Wi-Fi,2026-02-04,2026-02-28,25,0.43,2026-02-28,False
127,366,DECOX15003PK,DECOX15003PK,Tp Link Deco X1500 Whole Home,2026-02-04,2026-02-28,25,1.04,2026-02-28,False
128,367,DECOX503PK,DECOX503PK,TP Link DECOX50 3pk Wi-Fi 6,2026-02-04,2026-02-28,25,11.87,2026-02-28,False
129,368,DECOX50OUTDOO,DECOX50OUTDOO,TP Link Mesh Wifi System Dual,2026-02-04,2026-02-28,25,0.43,2026-02-28,False
130,388,DT200UK,DT200UK,Ninja Foodi Dual Level Air Fry,2026-02-18,2026-02-24,7,44.58,2026-02-24,False
131,394,DV90DB8845GBU1,DV90DB8845GBU1,Samsung Series 8 9kg Heat Pump,2026-02-01,2026-02-28,28,67.08,2026-02-28,False
132,396,DV90DG52A0ABEU,DV90DG52A0ABEU,Samsung Series 5 Heat Pump,2026-02-01,2026-02-28,28,25.8,2026-02-28,False
133,397,DV90DG52A0AEEU,DV90DG52A0AEEU,Samsung Series 5 Tumble Dryer,2026-02-01,2026-02-28,28,15.48,2026-02-28,False
134,398,DV90DG6845LBU1,DV90DG6845LBU1,Samsung Series 6 9kg Heat Pump,2026-02-01,2026-02-28,28,65.36,2026-02-28,False
135,399,DV90DG6845LEU1,DV90DG6845LEU1,Sumsung White 9kg Heat Pump,2026-02-01,2026-02-28,28,43.86,2026-02-28,False
136,402,DW1203EUUKGN,DW1203EUUKGN,Ninja Sip Perfect Green Travel,2026-01-21,2026-01-27,7,6.58,2026-01-27,False
137,403,DW1603EUUKBK,DW1603EUUKBK,Ninja Sip Perfect Large 400ml,2026-01-21,2026-01-27,7,6.46,2026-01-27,False
138,404,DW1603EUUKGN,DW1603EUUKGN,Ninja Sip Perfect Large 400ml,2026-01-21,2026-01-27,7,6.46,2026-01-27,False
139,405,DW1603EUUKWH,DW1603EUUKWH,Ninja Perfect Sip White Travel,2026-01-21,2026-01-27,7,6.46,2026-01-27,False
140,406,DW1801EUUKBK,DW1801EUUKBK,Ninja Thirsti 530ml Travel Bottle,2026-02-18,2026-02-24,7,3.54,2026-02-24,False
141,407,DW1801EUUKMT,DW1801EUUKMT,Ninja Thirsti 530ml Travel Bottle,2026-02-18,2026-02-24,7,3.54,2026-02-24,False
142,408,DW2401EUUKBK,DW2401EUUKBK,Ninja Thirsti 700ml Travel Bottle,2026-01-21,2026-01-27,7,3.54,2026-01-27,False
143,409,DW2401EUUKMT,DW2401EUUKMT,Ninja Thirsti 700ml Travel Bottle,2026-01-21,2026-01-27,7,3.54,2026-01-27,False
144,410,DW60A8050FB/EU,DW60A8050FB/EU,Samsung Black St/St 14 Place,2026-02-18,2026-02-28,11,216.72,2026-02-28,False
145,411,DW60CG550FSRE,DW60CG550FSRE,Samsung St/St Freestanding,2026-02-01,2026-02-28,28,54.18,2026-02-28,False
146,412,DW60M6050FS/EU,DW60M6050FS/EU,Samsung 14 Place St/St,2026-02-01,2026-02-28,28,49.88,2026-02-28,False
147,417,DZ300UK,DZ300UK,Ninja 6-in-1 Dual Zone Air Fryer,2026-02-11,2026-02-17,7,31.67,2026-02-17,False
148,418,DZ400UK,DZ400UK,Ninja MAX 6-in-1 Dual Zone Air,2026-02-18,2026-02-24,7,30.92,2026-02-24,False
149,423,EC8930U51,EC8930U51,Remington AIRvive Digital Hair,2026-02-01,2026-02-28,28,8.75,2026-02-28,False
150,428,ECF02RDUK,ECF02RDUK,ECF02RDUK Espresso Coffee,2025-12-24,2026-02-03,42,62.5,2026-02-03,False
151,429,ECF02WHUK,ECF02WHUK,Smeg 50's Retro Style Espresso,2025-12-24,2026-02-03,42,62.5,2026-02-03,False
152,463,ES601UK,ES601UK,Ninja Luxe Café Premier series,2026-02-18,2026-02-24,7,59.58,2026-02-24,False
153,464,ES601UKBK,ES601UKBK,Ninja Luxe Café Premier Espresso,2026-02-18,2026-02-24,7,59.58,2026-02-24,False
154,465,ES701UK,ES701UK,Ninja Luxe Café Pro Series Coffee,2026-02-18,2026-02-24,7,92.5,2026-02-24,False
155,471,ET-2860,ET-2860,ET-2860 MULTIFUNCTION,2026-02-16,2026-02-28,13,16.78,2026-02-28,False
156,472,ET-2950,ET-2950,Epson EcoTank ET-2950,2026-02-16,2026-02-28,13,16.78,2026-02-28,False
157,479,EX150UK,EX150UK,Shark Carpet Expert,2026-01-21,2026-01-27,7,59.75,2026-01-27,False
158,480,EX200UK,EX200UK,Shark CarpetXpert Deep Carpet,2026-01-21,2026-01-27,7,65.83,2026-01-27,False
159,484,F4X1009NWK.AGW,F4X1009NWK.AGW,LG White 10kg Direct Drive,2026-02-03,2026-03-03,29,11.57,2026-03-03,False
160,504,FN101UKGY,FN101UKGY,Ninja CRISPI 4-in-1 Portable glass,2026-02-18,2026-02-24,7,14.17,2026-02-24,False
161,505,FN101UKSG,FN101UKSG,Ninja Crispi 4 in 1 Glass Airfryer,2026-02-18,2026-02-24,7,14.17,2026-02-24,False
162,506,FN101UKST,FN101UKST,Ninja CRISPi 4-in-1 Portable,2026-02-18,2026-02-24,7,14.17,2026-02-24,False
163,510,FS301UK,FS301UK,Ninja Slushy Maker,2026-02-18,2026-02-24,7,75.0,2026-02-24,False
164,530,GR101UK,GR101UK,Ninja Sizzle Low Smoke Indoor,2026-01-23,2026-02-03,12,14.17,2026-02-03,False
165,533,GSLC40PYPE.APY,GSLC40PYPE.APY,LG Silver USA Fridge Freezer,2026-02-03,2026-03-03,29,92.14,2026-03-03,False
166,538,GSXE91EVAD.AEV,GSXE91EVAD.AEV,LG Matte Black Instaview USA,2026-02-03,2026-03-03,29,197.36,2026-03-03,False
167,561,HB150UK,HB150UK,Ninja Heated Blender,2026-02-18,2026-02-24,7,32.17,2026-02-24,False
168,564,HBF03CRUK,HBF03CRUK,Smeg Cream Handblender with,2025-12-24,2026-02-03,42,15.0,2026-02-03,False
169,566,HC367,HC367,Remington U51 Stylist Hair,2026-02-01,2026-02-28,28,1.88,2026-02-28,False
170,570,HD436SLUK,HD436SLUK,Shark Flexstyle 4 in 1 Air Styler &,2026-02-18,2026-02-24,7,37.25,2026-02-24,False
171,573,HD446SLUK,HD446SLUK,Shark FlexStyle 5-in-1 Air Styler &,2026-02-18,2026-02-24,7,43.83,2026-02-24,False
172,574,HD542UK,HD542UK,Shark SpeedStyle Pro FLEX 4 in 1,2026-02-18,2026-02-24,7,14.17,2026-02-24,False
173,575,HD731UK,HD731UK,Shark SpeedStyle Pro 3 in 1 Hair,2026-02-18,2026-02-24,7,14.17,2026-02-24,False
174,576,HD752UK,HD752UK,Shark Beauty SpeedStyle Pro,2026-02-18,2026-02-24,7,14.17,2026-02-24,False
175,592,HP150UK,HP150UK,Shark NeverChange5 Air Purifier,2026-01-21,2026-01-27,7,35.42,2026-01-27,False
176,593,HP300UK,HP300UK,Shark NeverChange5 Air Purifier,2026-01-21,2026-01-27,7,87.08,2026-01-27,False
177,619,IP1251UKT,IP1251UKT,Shark PowerDetect Cordless Pet,2026-02-18,2026-02-24,7,134.17,2026-02-24,False
178,620,IP3251UKT,IP3251UKT,Shark PowerDetect Cordless Vac,2026-02-18,2026-02-24,7,106.25,2026-02-24,False
179,628,IW4621UKT,IW4621UKT,Shark Vacuum Cleaner,2026-02-11,2026-02-17,7,98.75,2026-02-17,False
180,629,IZ380UK,IZ380UK,Shark PowerPro Stick Vac,2026-01-21,2026-01-27,7,45.08,2026-01-27,False
181,630,IZ380UKT,IZ380UKT,Shark PowerPro Pet Stick Vac,2026-02-18,2026-02-24,7,59.0,2026-02-24,False
182,631,IZ400UK,IZ400UK,Shark Anti Hair Wrap Stick,2026-01-21,2026-01-27,7,136.67,2026-01-27,False
183,632,IZ400UKT,IZ400UKT,Shark Tru Pet Cordless Stick,2026-02-18,2026-02-24,7,135.92,2026-02-24,False
184,633,IZ420UKT,IZ420UKT,Shark True Pet Anti Hair Wrap,2026-01-21,2026-01-27,7,156.67,2026-01-27,False
185,635,JBLBB3WIFIBLKUK,JBLBB3WIFIBLKUK,"JBL Boombox3 WiFi, Portable",2026-01-16,2026-01-31,16,77.0,2026-01-31,False
186,642,JBLLIVE770NCBLK,JBLLIVE770NCBLK,"JBL LIVE 770NC, Wireless",2026-02-05,2026-02-12,8,27.96,2026-02-12,False
187,643,JBLLIVE770NCWH,JBLLIVE770NCWH,"JBL LIVE 770NC, Wireless",2026-02-05,2026-02-12,8,27.96,2026-02-12,False
188,644,JBLLIVEBEAM3BL,JBLLIVEBEAM3BL,JBL Live Beam3 Ear Buds Black,2026-02-05,2026-02-12,8,25.17,2026-02-12,False
189,645,JBLLIVEBEAM3SIL,JBLLIVEBEAM3SIL,JBL Live Beam3 Silver Earbuds,2026-02-05,2026-02-12,8,25.17,2026-02-12,False
190,648,JBLT520BTBLKEU,JBLT520BTBLKEU,JBL Tune520BT Wireless Black,2026-02-05,2026-02-28,24,6.36,2026-02-28,False
191,649,JBLT520BTBLUEU,JBLT520BTBLUEU,JBL Blue Tune Headphones,2026-02-05,2026-02-28,24,6.36,2026-02-28,False
192,650,JBLT520BTWHTEU,JBLT520BTWHTEU,JBL White Tune 520 Headphones,2026-02-05,2026-02-28,24,6.36,2026-02-28,False
193,651,JBLT670NCBLK,JBLT670NCBLK,"JBL Tune 670NC, On-ear",2026-02-13,2026-02-28,16,10.14,2026-02-28,False
194,652,JBLT670NCBLU,JBLT670NCBLU,JBL Tune670 Wireless,2026-02-13,2026-02-28,16,10.14,2026-02-28,False
195,653,JBLT670NCWHT,JBLT670NCWHT,JBL White Tune 670 Headphones,2026-02-13,2026-02-28,16,10.14,2026-02-28,False
196,654,JBLT720BTBLK,JBLT720BTBLK,JBL Black Tune 720 Headphones,2026-02-05,2026-02-28,24,13.72,2026-02-28,False
197,655,JBLT720BTBLU,JBLT720BTBLU,JBL Blue Tune 720 Headphones,2026-02-05,2026-02-28,24,13.72,2026-02-28,False
198,656,JBLT720BTPUR,JBLT720BTPUR,JBL Tune720 Overear Headphone,2026-02-05,2026-02-28,24,13.72,2026-02-28,False
199,657,JBLT720BTWHT,JBLT720BTWHT,JBL White Tune 720 Headphones,2026-02-05,2026-02-28,24,13.72,2026-02-28,False
200,658,JBLT770NCBLK,JBLT770NCBLK,"JBL Tune 770NC, Over-ear",2026-02-05,2026-02-28,24,27.84,2026-02-28,False
201,659,JBLT770NCPUR,JBLT770NCPUR,JBL Purple Tune 770 Headphones,2026-02-05,2026-02-28,24,27.84,2026-02-28,False
202,660,JBLT770NCWHT,JBLT770NCWHT,JBL Tune 770 OverEar Noise,2026-02-05,2026-02-28,24,27.84,2026-02-28,False
203,662,JC151UK,JC151UK,NINJA COLD PRESS JUICER,2026-01-23,2026-02-03,12,21.25,2026-02-03,False
204,668,K32006UK,K32006UK,Ninja Foodi StaySharp Knife Block,2026-01-21,2026-01-27,7,32.17,2026-01-27,False
205,671,K62006EUWH,K62006EUWH,Ninja StaySharp 6-Piece Stainless,2026-01-21,2026-01-27,7,31.92,2026-01-27,False
206,729,KT200UK,KT200UK,Ninja Black Perfect Temperature,2026-02-18,2026-02-24,7,14.17,2026-02-24,False
207,730,KT201UK,KT201UK,Ninja St/Steel Kettle,2026-01-21,2026-01-27,7,14.17,2026-01-27,False
208,769,MB5000,MB5000,Remmington Beard Trimmer,2026-02-01,2026-02-28,28,1.75,2026-02-28,False
209,772,MC1101UK,MC1101UK,Ninja Foodi 8-mode 6L,2026-02-18,2026-02-24,7,14.17,2026-02-24,False
210,774,MC28H5013AS/EU,MC28H5013AS/EU,Samsung Silver 28L Microwave,2026-02-04,2026-02-24,21,56.0,2026-02-24,False
211,791,MR200,MR200,TPLINK WIRELESS 4G ROUTER,2026-02-04,2026-02-28,25,0.43,2026-02-28,False
212,822,NC300UK,NC300UK,Ninja Ice Cream Maker,2026-01-23,2026-02-03,12,15.0,2026-02-03,False
213,823,NC501UK,NC501UK,Ninja CREAMi Deluxe 10 in 1 Ice,2026-02-18,2026-02-24,7,37.5,2026-02-24,False
214,824,NC701UK,NC701UK,Ninja CREAMi Swirl,2026-01-23,2026-02-03,12,37.5,2026-02-03,False
215,827,NE3890,NE3890,Remington U51 Male Trimmer Kit,2026-02-01,2026-02-28,28,7.29,2026-02-28,False
216,839,OL550UK,OL550UK,Ninja Foodi OneLid Multi-Cooker,2026-01-21,2026-01-27,7,51.67,2026-01-27,False
217,840,OLED42C44LA.AE,OLED42C44LA.AE,"LG 42"" OLED TV",2025-12-03,2026-01-27,56,179.74,2026-01-27,False
218,842,OLED42C54LA.AE,OLED42C54LA.AE,LG 42in C5 OLED TV,2026-01-19,2026-01-27,9,56.76,2026-01-27,False
219,843,OLED48C44LA.AE,OLED48C44LA.AE,"LG 48"" OLED Television",2025-12-03,2026-01-27,56,205.54,2026-01-27,False
220,844,OLED48C54LA.AE,OLED48C54LA.AE,LG 48in C5 OLED TV,2026-01-19,2026-01-27,9,85.14,2026-01-27,False
221,845,OLED48G56LS.AE,OLED48G56LS.AE,"LG G5 48"" OLED evo AI 4K HDR",2026-01-19,2026-01-27,9,54.18,2026-01-27,False
222,846,OLED55B42LA.AE,OLED55B42LA.AE,"LG 55"" OLED Smart TV",2025-12-03,2026-01-27,56,459.24,2026-01-27,False
223,847,OLED55B46LA.AE,OLED55B46LA.AE,"OLED 55"" 4K OLED Smart TV",2025-12-03,2026-01-27,56,254.56,2026-01-27,False
224,848,OLED55B56LA.AE,OLED55B56LA.AE,LG 55in B5 OLED TV,2026-01-19,2026-01-27,9,172.0,2026-01-27,False
225,850,OLED55C44LA.AE,OLED55C44LA.AE,"LG 55"" OLED Television",2025-12-03,2026-01-27,56,303.58,2026-01-27,False
226,852,OLED55C54LA.AE,OLED55C54LA.AE,LG 55in C5 OLED TV,2026-01-19,2026-01-27,9,113.52,2026-01-27,False
227,854,OLED55G45LW.AE,OLED55G45LW.AE,"LG 55"" OLED Television",2025-12-03,2026-01-27,56,315.62,2026-01-27,False
228,855,OLED55G46LS.AE,OLED55G46LS.AE,"LG 55"" Gallery TV Stand",2025-12-03,2026-01-27,56,315.62,2026-01-27,False
229,857,OLED55G54LW.AE,OLED55G54LW.AE,LG 55in G5 OLED TV,2026-01-14,2026-01-27,14,163.4,2026-01-27,False
230,859,OLED55G56LS.AE,OLED55G56LS.AE,LG 55in G5 OLED TV,2026-01-14,2026-01-27,14,163.4,2026-01-27,False
231,860,OLED65B42LA.AE,OLED65B42LA.AE,"LG 65"" OLED Television",2025-12-03,2026-01-27,56,624.36,2026-01-27,False
232,861,OLED65B46LA.AE,OLED65B46LA.AE,"LG 65"" OLED TV",2025-12-03,2026-01-27,56,516.0,2026-01-27,False
233,862,OLED65B56LA.AE,OLED65B56LA.AE,LG 65in B5 OLED TV,2026-01-19,2026-01-27,9,86.0,2026-01-27,False
234,865,OLED65C44LA.AE,OLED65C44LA.AE,"LG 65"" OLED Television",2025-12-03,2026-01-27,56,331.96,2026-01-27,False
235,867,OLED65C54LA.AE,OLED65C54LA.AE,LG 65in C5 OLED TV,2026-01-19,2026-01-27,9,112.66,2026-01-27,False
236,868,OLED65G45LW.AE,OLED65G45LW.AE,"LG 65"" OLED Television",2025-12-03,2026-01-27,56,365.5,2026-01-27,False
237,869,OLED65G46LS.AE,OLED65G46LS.AE,"LG 65"" OLED evo AI G4 4K Smart",2025-12-03,2026-01-27,56,365.5,2026-01-27,False
238,871,OLED65G54LW.AE,OLED65G54LW.AE,LG 65in G5 OLED TV,2026-01-19,2026-01-27,9,109.22,2026-01-27,False
239,872,OLED65G56LS.AE,OLED65G56LS.AE,LG 65in G5 OLED TV,2026-01-19,2026-01-27,9,109.22,2026-01-27,False
240,873,OLED77B42LA.AE,OLED77B42LA.AE,"LG 77"" OLED B4 Smart TV",2025-12-03,2026-01-27,56,866.88,2026-01-27,False
241,874,OLED77B46LA.AE,OLED77B46LA.AE,"LG 77"" OLED TV",2025-12-03,2026-01-27,56,355.18,2026-01-27,False
242,875,OLED77C44LA.AE,OLED77C44LA.AE,"LG 77"" OLED Television",2025-12-03,2026-01-27,56,384.42,2026-01-27,False
243,876,OLED77C54LA.AE,OLED77C54LA.AE,LG 77in C5 OLED TV,2026-01-14,2026-01-27,14,39.56,2026-01-27,False
244,877,OLED77G45LW.AE,OLED77G45LW.AE,"LG 75"" G4 OLED 4K Smart TV",2025-12-03,2026-01-27,56,328.52,2026-01-27,False
245,879,OLED83C44LA.AE,OLED83C44LA.AE,"LG 83"" OLED Television",2025-12-03,2026-01-27,56,918.48,2026-01-27,False
246,880,OLED83C54LA.AE,OLED83C54LA.AE,LG 83in C5 OLED TV,2026-01-19,2026-01-27,9,396.46,2026-01-27,False
247,881,OLED83G45LW.AE,OLED83G45LW.AE,"LG OLED 83"" G45 TV",2025-12-03,2026-01-27,56,614.04,2026-01-27,False
248,882,OLED83G54LW.AE,OLED83G54LW.AE,"LG 83"" G5 OLED",2026-01-19,2026-01-27,9,272.62,2026-01-27,False
249,943,PG6020,PG6020,Remington All In One Groming Kit,2026-02-01,2026-02-28,28,6.32,2026-02-28,False
250,953,PR1855,PR1855,Remington 5100 Virtually,2026-02-01,2026-02-28,28,23.33,2026-02-28,False
251,956,PX200UK,PX200UK,Shark Stain Striker & Spot,2026-01-21,2026-01-27,7,17.71,2026-01-27,False
252,957,PX250UKT,PX250UKT,Shark StainStriker HairPro Pet,2026-02-18,2026-02-24,7,14.17,2026-02-24,False
253,958,QB3001UKS,QB3001UKS,Ninja 700W Nutri Slim Blender &,2026-02-18,2026-02-24,7,20.5,2026-02-24,False
254,959,QE100QN80FUXX,QE100QN80FUXX,"Samsung 100"" 4K Neo QLED",2026-02-03,2026-03-03,29,163.4,2026-03-03,False
255,960,QE32LS03CBUXXU,QE32LS03CBUXXU,"Samsung 32"" Frame TV",2026-02-03,2026-03-03,29,6.02,2026-03-03,False
256,961,QE42S90FAEXXU,QE42S90FAEXXU,Samsung 42 in Smart Television,2026-02-03,2026-03-03,29,34.4,2026-03-03,False
257,964,QE43Q7FAAUXXU,QE43Q7FAAUXXU,"Samsung 43"" QLED Smart",2026-02-03,2026-03-03,29,40.42,2026-03-03,False
258,965,QE43QN90FATXX,QE43QN90FATXX,"Samsung 43"" Neo QLED Smart AI",2026-02-03,2026-03-03,29,26.66,2026-03-03,False
259,966,QE48S90FAEXXU,QE48S90FAEXXU,"Samsung 48"" OLED 4K Smart AI",2026-02-03,2026-03-03,29,11.18,2026-03-03,False
260,969,QE50Q7FAAUXXU,QE50Q7FAAUXXU,"Samsung 50"" QLED Smart",2026-02-03,2026-03-03,29,39.56,2026-03-03,False
261,971,QE50QEF1AUXXU,QE50QEF1AUXXU,"Samsung 50"" QLED Smart",2026-02-03,2026-03-03,29,67.08,2026-03-03,False
262,972,QE50QN90FATXX,QE50QN90FATXX,"Samsung 50"" Neo QLED 4K",2026-02-03,2026-03-03,29,24.08,2026-03-03,False
263,974,QE55Q7F5AUXXU,QE55Q7F5AUXXU,"Samsung 55"" QLED Television",2026-02-03,2026-03-03,29,36.98,2026-03-03,False
264,976,QE55QEF1AUXXU,QE55QEF1AUXXU,"Samsung 55"" QLED Smart",2026-02-03,2026-03-03,29,76.54,2026-03-03,False
265,979,QE55QN90FATXX,QE55QN90FATXX,"Samsung 55"" Neo QLED 4K",2026-02-03,2026-03-03,29,73.1,2026-03-03,False
266,982,QE55S90FAEXXU,QE55S90FAEXXU,"Samsung 55"" OLED 4K Smart AI",2026-02-03,2026-03-03,29,40.42,2026-03-03,False
267,983,QE55S95FATXXU,QE55S95FATXXU,"Samsung 55"" OLED 4K Smart AI",2026-02-03,2026-03-03,29,134.16,2026-03-03,False
268,984,QE65Q7F5AUXXU,QE65Q7F5AUXXU,"Samsung 65"" QLED Smart",2026-02-03,2026-03-03,29,55.9,2026-03-03,False
269,985,QE65QEF1AUXXU,QE65QEF1AUXXU,"Samsung 65"" QLED Television",2026-02-03,2026-03-03,29,156.52,2026-03-03,False
270,987,QE65QN90FATXX,QE65QN90FATXX,"Samsung 65"" Neo QLED 4K",2026-02-03,2026-03-03,29,113.52,2026-03-03,False
271,989,QE65S85FAEXXU,QE65S85FAEXXU,"Samsung 65"" OLED 4K Smart TV",2026-02-03,2026-03-03,29,59.34,2026-03-03,False
272,990,QE65S90FATXXU,QE65S90FATXXU,"Samsung 65"" OLED 4K Smart AI",2026-02-03,2026-03-03,29,65.36,2026-03-03,False
273,991,QE65S95FATXXU,QE65S95FATXXU,"Samsung 65"" OLED 4K Smart AI",2026-02-03,2026-03-03,29,151.36,2026-03-03,False
274,992,QE75Q7F5AUXXU,QE75Q7F5AUXXU,"Samsung 75"" QLED Smart",2026-02-03,2026-03-03,29,45.58,2026-03-03,False
275,993,QE75QEF1AUXXU,QE75QEF1AUXXU,"Samsung 75"" QLED Smart",2026-02-03,2026-03-03,29,233.92,2026-03-03,False
276,994,QE75QN90FATXX,QE75QN90FATXX,"Samsung 75"" Neo QLED 4K",2026-02-03,2026-03-03,29,85.14,2026-03-03,False
277,995,QE77S95FATXXU,QE77S95FATXXU,Samsung 4K HDR OLED Smart,2026-02-03,2026-03-03,29,133.3,2026-03-03,False
278,996,QE85Q7FAAUXXU,QE85Q7FAAUXXU,Samsung QLED 4K Vision AI,2026-02-03,2026-03-03,29,53.32,2026-03-03,False
279,1000,RB34C600EBN/EU,RB34C600EBN/EU,Samsung 1.85 Combi F/F Black,2026-02-11,2026-02-28,18,60.2,2026-02-28,False
280,1002,RB34C600ESA/EU,RB34C600ESA/EU,Samsung 1.85 Combi F/F St/St,2026-02-01,2026-02-28,28,107.5,2026-02-28,False
281,1009,RF48A401EB4/EU,RF48A401EB4/EU,Samsung Matt Black Non,2026-02-11,2026-02-28,18,129.0,2026-02-28,False
282,1010,RF48A401EM9/EU,RF48A401EM9/EU,Samsung French Style USA Matt,2026-02-11,2026-03-10,28,129.0,2026-03-10,False
283,1016,RF65DG9H0EB1/E,RF65DG9H0EB1/E,Samsung Black Family Hub USA,2026-02-11,2026-02-28,18,638.98,2026-02-28,False
284,1017,RF65DG9H0ESR/E,RF65DG9H0ESR/E,Samsung Family Hub USA Fridge,2026-02-11,2026-02-28,18,638.98,2026-02-28,False
285,1035,RS57DG400EM9E,RS57DG400EM9E,Samsung Silver Series 6 USA,2026-02-11,2026-03-03,21,206.4,2026-03-03,False
286,1038,RS70F64KEFEU,RS70F64KEFEU,Samsung Black St/St USA FF,2026-02-11,2026-03-03,21,307.02,2026-03-03,False
287,1040,RS70F64KETEU,RS70F64KETEU,Samsung USA Fridge Freezer,2026-02-11,2026-03-03,21,307.02,2026-03-03,False
288,1042,RS70F66KCFEU,RS70F66KCFEU,Samsung Black USA Fridge,2026-02-11,2026-02-28,18,173.72,2026-02-28,False
289,1043,RS70F66KCTEU,RS70F66KCTEU,Samsung Silver USA Fridge,2026-02-11,2026-02-28,18,173.72,2026-02-28,False
290,1044,RS90F64EEFEU,RS90F64EEFEU,Samsung 1780 x 912 Black St/St,2026-02-11,2026-02-28,18,233.92,2026-02-28,False
291,1045,RS90F66BEFEU,RS90F66BEFEU,Samsung Black Family Hob USA,2026-02-11,2026-02-28,18,190.92,2026-02-28,False
292,1046,RS90F66BETEU,RS90F66BETEU,Samsung Silver AI Family Hub,2026-02-11,2026-02-28,18,190.92,2026-02-28,False
293,1047,RV2620WAUK,RV2620WAUK,Shark Matrix Plus 2 in 1 2DC Self,2026-02-18,2026-02-24,7,141.67,2026-02-24,False
294,1048,RV2620WDUK,RV2620WDUK,Shark Matrix Plus 2 in 1 Standard,2026-01-21,2026-01-27,7,114.67,2026-01-27,False
295,1049,S1000UK,S1000UK,Shark Pro Steam Mop,2026-02-11,2026-02-17,7,14.17,2026-02-17,False
296,1053,S6001UK,S6001UK,Shark Kick N Flip Steam Pocket,2026-01-21,2026-01-27,7,33.42,2026-01-27,False
297,1055,S6005UK,S6005UK,Shark Floor & Handheld Steam,2026-02-18,2026-02-24,7,21.25,2026-02-24,False
298,1056,S8201UK,S8201UK,Shark Steam & Scrub Automatic,2026-02-11,2026-02-17,7,14.17,2026-02-17,False
299,1059,S8930U51,S8930U51,Remington AIRvive Slim,2026-02-01,2026-02-28,28,20.83,2026-02-28,False
300,1061,SBL620SIL4GUK1,SBL620SIL4GUK1,Sage Fresh & Furious Blender,2025-12-24,2026-01-27,35,4.5,2026-01-27,False
301,1062,SCA800ALM0ZEU1,SCA800ALM0ZEU1,the InFizz™ Fusion - Almond,2025-11-26,2026-01-27,63,5.8,2026-01-27,False
302,1063,SCA800BSS0ZEU1,SCA800BSS0ZEU1,Sage the InFizz Fusion St/St,2025-11-26,2026-01-27,63,5.8,2026-01-27,False
303,1064,SCA800BTR0ZEU1,SCA800BTR0ZEU1,Sage the InFizz Fusion Black,2025-11-26,2026-01-27,63,5.8,2026-01-27,False
304,1065,SCA800DBL0ZEU1,SCA800DBL0ZEU1,Sage the InFizz Fusion Damson,2025-11-26,2026-01-27,63,5.8,2026-01-27,False
305,1067,SCA800NRE0ZEU1,SCA800NRE0ZEU1,Sage Noir The InFizz Sparkling,2025-11-26,2026-01-27,63,5.8,2026-01-27,False
306,1068,SCA800SST0ZEU1,SCA800SST0ZEU1,Sage the InFizz Fusion Sea Salt,2025-11-26,2026-01-27,63,5.8,2026-01-27,False
307,1069,SD200UK,SD200UK,Shark SteamPickUp Hard Floor,2026-02-18,2026-02-24,7,14.17,2026-02-24,False
308,1079,SES876ALM4GUK1,SES876ALM4GUK1,The Barista Express Impress,2026-01-28,2026-03-03,35,18.0,2026-03-03,False
309,1081,SES876BSS4GUK1,SES876BSS4GUK1,Sage Barista Express Impress,2026-01-28,2026-03-03,35,18.0,2026-03-03,False
310,1083,SES876DBL4GUK1,SES876DBL4GUK1,Sage Barista Express Impress,2026-01-28,2026-03-03,35,18.0,2026-03-03,False
311,1084,SES876RVC4GUK1,SES876RVC4GUK1,Sage Red Barista Express,2026-01-28,2026-03-03,35,18.0,2026-03-03,False
312,1085,SES876SST4GUK1,SES876SST4GUK1,Sage Barista Express Impress,2026-01-28,2026-03-03,35,18.0,2026-03-03,False
313,1087,SES878BSS4GEU1,SES878BSS4GEU1,"Sage Coffee Machine""The Barista",2025-12-24,2026-01-27,35,35.0,2026-01-27,False
314,1089,SES881ALM4GUK1,SES881ALM4GUK1,The Barista Touch Impress,2025-12-24,2026-01-27,35,55.0,2026-01-27,False
315,1091,SES881BSS4GUK1,SES881BSS4GUK1,Sage Barista Touch Impress,2025-12-24,2026-01-27,35,55.0,2026-01-27,False
316,1093,SES882BSS4GUK1,SES882BSS4GUK1,The Barista Touch Impress St/St,2025-11-26,2026-01-27,63,55.0,2026-01-27,False
317,1095,SES995BSS4GUK1,SES995BSS4GUK1,SAGE ORACLE DUAL BOILER,2025-12-24,2026-01-27,35,62.5,2026-01-27,False
318,1097,SFP638ALM4GUK1,SFP638ALM4GUK1,The Paradice 9 Almond Nougat,2026-01-28,2026-03-03,35,12.5,2026-03-03,False
319,1099,SFP700UK,SFP700UK,"Ninja Combi 12-In-1 Multi-Cooker,",2026-02-18,2026-02-24,7,21.25,2026-02-24,False
320,1109,SJB815BSS2GUK1,SJB815BSS2GUK1,Sage Bluicer Pro,2025-12-24,2026-01-27,35,17.0,2026-01-27,False
321,1110,SJE530BSS4GUK1,SJE530BSS4GUK1,Sage Nutri Juicer Cold Plus,2026-01-28,2026-03-03,35,12.5,2026-03-03,False
322,1112,SKC01BLM,SKC01BLM,Smeg Black Soda Maker,2025-12-24,2026-02-03,42,12.5,2026-02-03,False
323,1113,SKC01EGM,SKC01EGM,Smeg Emerald Green Soda Maker,2025-12-24,2026-02-03,42,12.5,2026-02-03,False
324,1114,SKC01SBM,SKC01SBM,Smeg Storm Blue Soda Maker,2025-12-24,2026-02-03,42,12.5,2026-02-03,False
325,1115,SKC01WHM,SKC01WHM,Smeg Soda Maker,2025-12-24,2026-02-03,42,12.5,2026-02-03,False
326,1119,SL300UK,SL300UK,Ninja Double Stack 2 Drawer Air,2026-01-23,2026-02-03,12,21.25,2026-02-03,False
327,1120,SL400UK,SL400UK,Ninja Double Stacked Air Fryer,2026-02-18,2026-02-24,7,22.58,2026-02-24,False
328,1125,SM-A266BZKCEUB,SM-A266BZKCEUB,Galaxy A26 5G 256GB Black,2026-01-21,2026-02-17,28,30.75,2026-02-17,False
329,1130,SM-X130NZAAEUB,SM-X130NZAAEUB,Samsung Galaxy Tab A11 64GB,2026-02-04,2026-02-24,21,24.46,2026-02-24,False
330,1131,SM-X130NZSAEUB,SM-X130NZSAEUB,Samsung Galaxy Tab A11 64GB,2026-02-04,2026-02-24,21,24.46,2026-02-24,False
331,1132,SM-X210NZAAEUB,SM-X210NZAAEUB,Galaxy Tab A9+ GRAY WIFI,2026-02-12,2026-03-04,21,34.87,2025-03-04,True
332,1135,SMO870BSS4GEU,SMO870BSS4GEU,Sage Combi Wave 3 in 1,2026-01-28,2026-03-03,35,10.0,2026-03-03,False
333,1151,SOV860BSS4GUK1,SOV860BSS4GUK1,Sage Smart Oven/Air Fryer,2025-12-24,2026-01-27,35,6.25,2026-01-27,False
334,1152,SP-LFF3CLAXXXU,SP-LFF3CLAXXXU,Samsung The Freestyle Projector,2026-02-03,2026-03-03,29,84.28,2026-03-03,False
335,1154,SPR680BSS2GUK1,SPR680BSS2GUK1,Sage Slow Cooker,2025-12-24,2026-01-27,35,6.25,2026-01-27,False
336,1156,ST200UK,ST200UK,Ninja Foodi 3 in 1 Toaster &,2026-02-18,2026-02-24,7,14.17,2026-02-24,False
337,1157,ST202UK,ST202UK,Ninja Foodi 3 in 1,2026-01-23,2026-02-03,12,14.17,2026-02-03,False
338,1179,TAPOC100,TAPOC100,Tapo Home Security Wifi Camera,2026-02-04,2026-02-28,25,0.43,2026-02-28,False
339,1180,TAPOC200,TAPOC200,Tapo Pan/Tilt Home Security Wifi,2026-02-04,2026-02-28,25,0.43,2026-02-28,False
340,1181,TAPOC310,TAPOC310,Tapo Outdoor Smart Security,2026-02-04,2026-02-28,25,0.43,2026-02-28,False
341,1182,TAPOC320WS,TAPOC320WS,Outdoor Security Wi-Fi Camera,2026-02-04,2026-02-28,25,0.43,2026-02-28,False
342,1183,TAPOC410,TAPOC410,Smart Wire-Free Indoor/Outdoor,2026-02-04,2026-02-28,25,0.43,2026-02-28,False
343,1184,TAPOC425,TAPOC425,Smart Wire-Free Security Camera,2026-02-04,2026-02-28,25,0.43,2026-02-28,False
344,1185,TAPOC425KIT,TAPOC425KIT,TP Link Solar-Powered Security,2026-02-04,2026-02-28,25,0.43,2026-02-28,False
345,1186,TAPOC460,TAPOC460,TapoC460 Battery Pwr Outdoor,2026-02-04,2026-02-28,25,0.43,2026-02-28,False
346,1187,TAPOC460KIT,TAPOC460KIT,TapoC460 Solar Pwr Outdoor,2026-02-04,2026-02-28,25,0.43,2026-02-28,False
347,1188,TAPOC500,TAPOC500,Tapo Outdoor Pan/Tilt Security,2026-02-04,2026-02-28,25,0.43,2026-02-28,False
348,1190,TAPOD210,TAPOD210,Smart Video Doorbell Camera,2026-02-04,2026-02-28,25,0.43,2026-02-28,False
349,1191,TAPOL510B,TAPOL510B,Tapo Smart Wifi Dimmable,2026-02-04,2026-02-28,25,0.43,2026-02-28,False
350,1192,TAPOL510E,TAPOL510E,Tapo Smart Wifi Dimmable,2026-02-04,2026-02-28,25,0.43,2026-02-28,False
351,1193,TAPOL530B,TAPOL530B,Tapo Smart WiFi Multicolur,2026-02-04,2026-02-28,25,0.43,2026-02-28,False
352,1194,TAPOL530E,TAPOL530E,Tapo Smart WiFi Multicolur Screw,2026-02-04,2026-02-28,25,0.43,2026-02-28,False
353,1195,TAPOL9205,TAPOL9205,"Tapo Smart Light Strip,",2026-02-04,2026-02-28,25,0.43,2026-02-28,False
354,1200,TAPOT110,TAPOT110,Tapo Smart Contact Sensor,2026-02-04,2026-02-28,25,0.43,2026-02-28,False
355,1201,TB201UK,TB201UK,Ninja Detect Power Blender Pro,2026-02-11,2026-02-17,7,25.83,2026-02-17,False
356,1202,TB301UK,TB301UK,Ninja Detect Duo Power Blender,2026-02-18,2026-02-24,7,31.67,2026-02-24,False
357,1203,TB401UK,TB401UK,Ninja Detect Power Blender &,2026-02-18,2026-02-24,7,30.92,2026-02-24,False
358,1217,TH200UK,TH200UK,Shark TurboBlade Cool & Heat,2026-02-11,2026-02-17,7,64.58,2026-02-17,False
359,1249,UB500,UB500,TP Link Bluetooth 5.0 USB,2026-02-04,2026-02-28,25,0.58,2026-02-28,False
360,1252,UE32F6000FKXXU,UE32F6000FKXXU,"Samsung 32"" Smart Television",2026-02-03,2026-03-03,29,24.08,2026-03-03,False
361,1255,UE43U7000FKXXU,UE43U7000FKXXU,Samsung 43 in 4K Smart TV,2026-02-03,2026-03-03,29,9.46,2026-03-03,False
362,1257,UE43U8000FKXXU,UE43U8000FKXXU,"Samsung 43"" UHD Smart",2026-02-03,2026-03-03,29,4.3,2026-03-03,False
363,1258,UE50U7000FKXXU,UE50U7000FKXXU,Samsung 50 in Smart Television,2026-02-03,2026-03-03,29,30.1,2026-03-03,False
364,1263,UE55U7000FKXXU,UE55U7000FKXXU,Samsung 55 in Smart Television,2026-02-03,2026-03-03,29,61.92,2026-03-03,False
365,1265,UE55U8000FKXXU,UE55U8000FKXXU,"Samsung 55"" UHD Smart",2026-02-03,2026-03-03,29,31.82,2026-03-03,False
366,1266,UE65U7000FKXXU,UE65U7000FKXXU,Samsung 65 in Smart Television,2026-02-03,2026-03-03,29,59.34,2026-03-03,False
367,1268,UE65U8000FKXXU,UE65U8000FKXXU,"Samsung 65"" UHD Smart",2026-02-03,2026-03-03,29,41.28,2026-03-03,False
368,1269,UE75U7000FKXXU,UE75U7000FKXXU,Samsung 75 in Smart Television,2026-02-03,2026-03-03,29,55.9,2026-03-03,False
369,1270,UE75U8000FKXXU,UE75U8000FKXXU,"Samsung 75"" UHD Smart",2026-02-03,2026-03-03,29,83.42,2026-03-03,False
370,1271,UE85U7000FKXXU,UE85U7000FKXXU,Samsung 85 in Smart Television,2026-02-03,2026-03-03,29,220.16,2026-03-03,False
371,1272,UE85U8000FKXXU,UE85U8000FKXXU,"Samsung 85"" UHD Smart",2026-02-03,2026-03-03,29,162.54,2026-03-03,False
372,1303,WA850RE,WA850RE,300Mbps Wall-plug Wireless N,2026-02-04,2026-02-28,25,0.43,2026-02-28,False
373,1309,WD110UK,WD110UK,Shark HydroVac Corded Hard,2026-02-18,2026-02-24,7,35.42,2026-02-24,False
374,1310,WD210UK,WD210UK,Shark HydroVac Cordless Wet &,2026-01-21,2026-01-27,7,50.42,2026-01-27,False
375,1311,WD80TA046BX/EU,WD80TA046BX/EU,Samsung 8kg Washer Dryer,2026-02-01,2026-02-28,28,124.7,2026-02-28,False
376,1312,WD90DG5G34BBE,WD90DG5G34BBE,Samsung Series 5 9kg/5kg,2026-02-01,2026-02-28,28,56.76,2026-02-28,False
377,1313,WDF4840,WDF4840,Remington Cordless Lady Shaver,2026-02-01,2026-02-28,28,7.76,2026-02-28,False
378,1321,WF-2930DWF,WF-2930DWF,Epson WF-2930DWF WorkForce,2026-02-16,2026-02-28,13,2.8,2026-02-28,False
379,1322,WF-7830DTWF,WF-7830DTWF,Epson C11CH68401 Workforce,2026-02-16,2026-02-28,13,5.59,2026-02-28,False
380,1323,WF1000XM5BCE7,WF1000XM5BCE7,SONY BLACK XM5 IN EAR,2026-02-16,2026-02-27,12,14.19,2026-02-27,False
381,1324,WF90F09C4SU1,WF90F09C4SU1,Samsung Series 9 9kg Washing,2026-02-11,2026-02-28,18,34.4,2026-02-28,False
382,1325,WFC510BCE7,WFC510BCE7,"Sony White ear buds, IPX4, 9",2026-02-16,2026-02-27,12,1.29,2026-02-27,False
383,1328,WFC510WCE7,WFC510WCE7,"Sony White ear buds, IPX4, 10",2026-02-16,2026-02-27,12,1.29,2026-02-27,False
384,1330,WFC710NWCE7,WFC710NWCE7,"Sony White In ear buds, Active",2026-02-16,2026-02-27,12,1.81,2026-02-27,False
385,1345,WH1000XM5BCE7,WH1000XM5BCE7,Sony Black Mark 5 Heaphones,2026-02-16,2026-02-27,12,6.02,2026-02-27,False
386,1347,WH1000XM5SCE7,WH1000XM5SCE7,Sony Silver Mark 5 Headphones,2026-02-16,2026-02-27,12,6.02,2026-02-27,False
387,1350,WHCH520BCE7,WHCH520BCE7,Sony Over Ear Headphones Black,2026-02-16,2026-02-27,12,0.86,2026-02-27,False
388,1351,WHCH520CCE7,WHCH520CCE7,Sony Over Ear Headphones,2026-02-16,2026-02-27,12,0.86,2026-02-27,False
389,1352,WHCH520LCE7,WHCH520LCE7,Sony Over Ear Headphones Blue,2026-02-16,2026-02-27,12,0.86,2026-02-27,False
390,1354,WHCH520PCE7,WHCH520PCE7,Sony Pink Bluetooth v5.2 10mt,2026-02-16,2026-02-27,12,0.86,2026-02-27,False
391,1355,WHCH520WCE7,WHCH520WCE7,Sony Over Ear Headphones White,2026-02-16,2026-02-27,12,0.86,2026-02-27,False
392,1356,WHCH720NBCE7,WHCH720NBCE7,Sony Over Ear Noise Cancelling,2026-02-16,2026-02-27,12,1.63,2026-02-27,False
393,1357,WHCH720NLCE7,WHCH720NLCE7,Sony Over Ear Noise Cancelling,2026-02-16,2026-02-27,12,1.63,2026-02-27,False
394,1359,WHCH720NWCE7,WHCH720NWCE7,Sony White Noise Cancelling,2026-02-16,2026-02-27,12,1.63,2026-02-27,False
395,1365,WHULT900NBCE7,WHULT900NBCE7,"SONY Black Bluetooth 5.2, NC",2026-02-16,2026-02-27,12,4.82,2026-02-27,False
396,1367,WHULT900NHCE7,WHULT900NHCE7,Sony Dark Grey Bluetooth®,2026-02-16,2026-02-27,12,4.82,2026-02-27,False
397,1369,WHULT900NWCE7,WHULT900NWCE7,"Sony White Bluetooth® 5.2, NC",2026-02-16,2026-02-27,12,4.82,2026-02-27,False
398,1386,WP100EU,WP100EU,Ninja Wireless Food Probe,2026-02-18,2026-02-24,7,12.42,2026-02-24,False
399,1398,WV270UK,WV270UK,Shark Cordless Handheld Vacuum,2026-01-21,2026-01-27,7,35.42,2026-01-27,False
400,1399,WW10FG5U34AEE,WW10FG5U34AEE,Samsung White 10kg 1400 Spin,2026-02-12,2026-02-17,6,43.5,2026-02-17,False
401,1400,WW11DB8B95GBU,WW11DB8B95GBU,Samsung Blk Stl Series 8 11Kg,2026-02-01,2026-02-28,28,217.58,2026-02-28,False
402,1403,WW11DG5B25ABE,WW11DG5B25ABE,Samsung Blk Stl Series 5 11Kg,2026-02-01,2026-02-28,28,130.72,2026-02-28,False
403,1404,WW11DG5B25AEE,WW11DG5B25AEE,Samsung 11kg 1400 Spin Series,2026-02-01,2026-02-28,28,131.58,2026-02-28,False
404,1406,WW11DG6B85LBU,WW11DG6B85LBU,Samsung Black Series 6 1400,2026-02-12,2026-02-28,17,21.75,2026-02-28,False
405,1409,WW90CGC04DABE,WW90CGC04DABE,Samsung 9kg Ecobubble Washer,2026-02-12,2026-02-28,17,35.67,2026-02-28,False
406,1410,WW90CGC04DAEE,WW90CGC04DAEE,Samsung 9kg Eco Bubble Washer,2026-02-12,2026-02-28,17,29.58,2026-02-28,False
407,1413,WW90DG6U85LBU,WW90DG6U85LBU,Samsung Series 6 9kg 1400 Spin,2026-02-01,2026-02-28,28,91.16,2026-02-28,False
408,1415,WW90DG6U85LEU,WW90DG6U85LEU,Samsung White 9kg 1400 Spin,2026-02-01,2026-02-28,28,74.82,2026-02-28,False
409,1421,XP2200,XP2200,Epson XP-2200 Printer,2026-02-16,2026-02-28,13,2.8,2026-02-28,False
410,1422,XP3200,XP3200,Epson Expression Home,2026-02-16,2026-02-28,13,2.8,2026-02-28,False
411,1423,XP4200,XP4200,Epson XP-4200 Printer,2026-02-16,2026-02-28,13,5.59,2026-02-28,False
412,1424,XR1600,XR1600,Remington RX7 Shaver,2026-02-01,2026-02-28,28,2.08,2026-02-28,False