Product_ID,Model,Store,Category,Description,Quantity,Stock_Status,Outstanding_Order_Qty,store_id,Total_Positive_Units,Avg_Positive_Velocity,Max_Monthly_Units,Active_Sales_Periods,Velocity_Band,ABC_Class,Demand_Status,Stock_Band,ABC_Priority,Velocity_Priority,Reorder_Recommendation,Recommendation_Reason,Slow_Mover_Action,Slow_Mover_Reason,Inventory_Decision,Decision_Priority,Decision_Reason,Inventory_Segment
1427,YC-MS02U-S,Gorey,MICROWAVE OVENS,Sharp 20L 800W Silver Microwave,145,IN_STOCK,0,5,0.0,,,0,NO_SALES,UNCLASSIFIED,NO_OBSERVED_SALES,HIGH,0,0,NO ACTION,Stock level does not currently breach reorder rules,PROMOTION / MARKDOWN REVIEW,No observed positive sales with high stock (145 units),PROMOTION REVIEW,5,No observed positive sales with high stock (145 units),EXCESS / NON-MOVING STOCK
1031,RIFF70306NM,Gorey,INT FRIDGE FREEZERS,Nordmende 70/30 Integrated Fridge Freezer,133,IN_STOCK,0,5,0.0,,,0,NO_SALES,UNCLASSIFIED,NO_OBSERVED_SALES,HIGH,0,0,NO ACTION,Stock level does not currently breach reorder rules,PROMOTION / MARKDOWN REVIEW,No observed positive sales with high stock (133 units),PROMOTION REVIEW,5,No observed positive sales with high stock (133 units),EXCESS / NON-MOVING STOCK
1383,WMA1270WH,Gorey,WASHING MACHINES,Nordmende CONTRACT White 7kg 1200 Spin Washing Mac,126,IN_STOCK,0,5,0.0,,,0,NO_SALES,UNCLASSIFIED,NO_OBSERVED_SALES,HIGH,0,0,NO ACTION,Stock level does not currently breach reorder rules,PROMOTION / MARKDOWN REVIEW,No observed positive sales with high stock (126 units),PROMOTION REVIEW,5,No observed positive sales with high stock (126 units),EXCESS / NON-MOVING STOCK
377,DF63,Gorey,INT DISHWASHERS,Nordmende 60cm Integrated Dishwasher,121,IN_STOCK,0,5,0.0,,,0,NO_SALES,UNCLASSIFIED,NO_OBSERVED_SALES,HIGH,0,0,NO ACTION,Stock level does not currently breach reorder rules,PROMOTION / MARKDOWN REVIEW,No observed positive sales with high stock (121 units),PROMOTION REVIEW,5,No observed positive sales with high stock (121 units),EXCESS / NON-MOVING STOCK
1150,SO107IX,Gorey,SINGLE OVENS,Nordmende St/St Single Oven,119,IN_STOCK,0,5,0.0,,,0,NO_SALES,UNCLASSIFIED,NO_OBSERVED_SALES,HIGH,0,0,NO ACTION,Stock level does not currently breach reorder rules,PROMOTION / MARKDOWN REVIEW,No observed positive sales with high stock (119 units),PROMOTION REVIEW,5,No observed positive sales with high stock (119 units),EXCESS / NON-MOVING STOCK
1207,TDHPB80WH,Gorey,TUMBLE DRYERS,NORDMENDE HEAT PUMP DRYER,93,IN_STOCK,0,5,0.0,,,0,NO_SALES,UNCLASSIFIED,NO_OBSERVED_SALES,HIGH,0,0,NO ACTION,Stock level does not currently breach reorder rules,PROMOTION / MARKDOWN REVIEW,No observed positive sales with high stock (93 units),PROMOTION REVIEW,5,No observed positive sales with high stock (93 units),EXCESS / NON-MOVING STOCK
829,NM31FSBL,Gorey,MICROWAVE OVENS,Nordmende Black F/S Microwave,80,IN_STOCK,0,5,0.0,,,0,NO_SALES,UNCLASSIFIED,NO_OBSERVED_SALES,HIGH,0,0,NO ACTION,Stock level does not currently breach reorder rules,PROMOTION / MARKDOWN REVIEW,No observed positive sales with high stock (80 units),PROMOTION REVIEW,5,No observed positive sales with high stock (80 units),EXCESS / NON-MOVING STOCK
461,ERACIXA60,Gorey,COOKER HOODS,Elica 52cm Canopy Hood for 60cm units,71,IN_STOCK,0,5,0.0,,,0,NO_SALES,UNCLASSIFIED,NO_OBSERVED_SALES,HIGH,0,0,NO ACTION,Stock level does not currently breach reorder rules,PROMOTION / MARKDOWN REVIEW,No observed positive sales with high stock (71 units),PROMOTION REVIEW,5,No observed positive sales with high stock (71 units),EXCESS / NON-MOVING STOCK
836,NZ64F3NM1AB/UR,Gorey,HOBS,Samsung 60cm Induction Hob,56,IN_STOCK,0,5,0.0,,,0,NO_SALES,UNCLASSIFIED,NO_OBSERVED_SALES,HIGH,0,0,NO ACTION,Stock level does not currently breach reorder rules,PROMOTION / MARKDOWN REVIEW,No observed positive sales with high stock (56 units),PROMOTION REVIEW,5,No observed positive sales with high stock (56 units),EXCESS / NON-MOVING STOCK
610,IMA764MYTIMEUK,Gorey,WASHING MACHINES,Indesit 7kg 1400 Spin Washing Machine,51,IN_STOCK,0,5,0.0,,,0,NO_SALES,UNCLASSIFIED,NO_OBSERVED_SALES,HIGH,0,0,NO ACTION,Stock level does not currently breach reorder rules,PROMOTION / MARKDOWN REVIEW,No observed positive sales with high stock (51 units),PROMOTION REVIEW,5,No observed positive sales with high stock (51 units),EXCESS / NON-MOVING STOCK
918,P35128K,Gorey,WASHING MACHINES,Powerpoint 8kg 1200 Spin Washing Machine,50,IN_STOCK,0,5,0.0,,,0,NO_SALES,UNCLASSIFIED,NO_OBSERVED_SALES,HIGH,0,0,NO ACTION,Stock level does not currently breach reorder rules,PROMOTION / MARKDOWN REVIEW,No observed positive sales with high stock (50 units),PROMOTION REVIEW,5,No observed positive sales with high stock (50 units),EXCESS / NON-MOVING STOCK
834,NV68A1170BS/EU,Gorey,SINGLE OVENS,Samsung St/St 68L Pyroclean Oven,38,IN_STOCK,0,5,0.0,,,0,NO_SALES,UNCLASSIFIED,NO_OBSERVED_SALES,HIGH,0,0,NO ACTION,Stock level does not currently breach reorder rules,PROMOTION / MARKDOWN REVIEW,No observed positive sales with high stock (38 units),PROMOTION REVIEW,5,No observed positive sales with high stock (38 units),EXCESS / NON-MOVING STOCK
899,P19820INTBG,Gorey,INT MICROWAVES,Powerpoint 20L Integrated Black Microwave,35,IN_STOCK,0,5,0.0,,,0,NO_SALES,UNCLASSIFIED,NO_OBSERVED_SALES,HIGH,0,0,NO ACTION,Stock level does not currently breach reorder rules,PROMOTION / MARKDOWN REVIEW,No observed positive sales with high stock (35 units),PROMOTION REVIEW,5,No observed positive sales with high stock (35 units),EXCESS / NON-MOVING STOCK
692,KGV33VLEAG,Gorey,FRIDGE FREEZERS,*Bosch 176 x 60 St/St Look Fridge Freezer,34,IN_STOCK,0,5,0.0,,,0,NO_SALES,UNCLASSIFIED,NO_OBSERVED_SALES,HIGH,0,0,NO ACTION,Stock level does not currently breach reorder rules,PROMOTION / MARKDOWN REVIEW,No observed positive sales with high stock (34 units),PROMOTION REVIEW,5,No observed positive sales with high stock (34 units),EXCESS / NON-MOVING STOCK
626,IS83Q60NE,Gorey,HOBS,Indesit Frameless 60cm Induction Hob,26,IN_STOCK,0,5,0.0,,,0,NO_SALES,UNCLASSIFIED,NO_OBSERVED_SALES,HIGH,0,0,NO ACTION,Stock level does not currently breach reorder rules,PROMOTION / MARKDOWN REVIEW,No observed positive sales with high stock (26 units),PROMOTION REVIEW,5,No observed positive sales with high stock (26 units),EXCESS / NON-MOVING STOCK
1143,SMV6ZCX10G,Gorey,INT DISHWASHERS,Bosch NEW Series 6 Integrated Dishwasher,26,IN_STOCK,0,5,0.0,,,0,NO_SALES,UNCLASSIFIED,NO_OBSERVED_SALES,HIGH,0,0,NO ACTION,Stock level does not currently breach reorder rules,PROMOTION / MARKDOWN REVIEW,No observed positive sales with high stock (26 units),PROMOTION REVIEW,5,No observed positive sales with high stock (26 units),EXCESS / NON-MOVING STOCK
1030,RI860C,Gorey,HOBS,Indesit 60cm Ceramic Hob,24,IN_STOCK,0,5,0.0,,,0,NO_SALES,UNCLASSIFIED,NO_OBSERVED_SALES,HIGH,0,0,NO ACTION,Stock level does not currently breach reorder rules,PROMOTION / MARKDOWN REVIEW,No observed positive sales with high stock (24 units),PROMOTION REVIEW,5,No observed positive sales with high stock (24 units),EXCESS / NON-MOVING STOCK
1098,SFP6401TB,Gorey,SINGLE OVENS,Smeg Blk Selezione Aesthetic Single Oven,24,IN_STOCK,0,5,0.0,,,0,NO_SALES,UNCLASSIFIED,NO_OBSERVED_SALES,HIGH,0,0,NO ACTION,Stock level does not currently breach reorder rules,PROMOTION / MARKDOWN REVIEW,No observed positive sales with high stock (24 units),PROMOTION REVIEW,5,No observed positive sales with high stock (24 units),EXCESS / NON-MOVING STOCK
441,EDHI739U4B,Gorey,TUMBLE DRYERS,Electrolux 9kg Heat Pump Dryer,23,IN_STOCK,0,5,0.0,,,0,NO_SALES,UNCLASSIFIED,NO_OBSERVED_SALES,HIGH,0,0,NO ACTION,Stock level does not currently breach reorder rules,PROMOTION / MARKDOWN REVIEW,No observed positive sales with high stock (23 units),PROMOTION REVIEW,5,No observed positive sales with high stock (23 units),EXCESS / NON-MOVING STOCK
1032,RIFF7030NFC,Gorey,INT FRIDGE FREEZERS,NORDMENDE INT FRIDGE FREEZER,22,IN_STOCK,0,5,0.0,,,0,NO_SALES,UNCLASSIFIED,NO_OBSERVED_SALES,HIGH,0,0,NO ACTION,Stock level does not currently breach reorder rules,PROMOTION / MARKDOWN REVIEW,No observed positive sales with high stock (22 units),PROMOTION REVIEW,5,No observed positive sales with high stock (22 units),EXCESS / NON-MOVING STOCK
732,KUN7NE18C,Gorey,INT FREEZERS,Electrolux Tall Integrated Freezer Frost Free,21,IN_STOCK,0,5,0.0,,,0,NO_SALES,UNCLASSIFIED,NO_OBSERVED_SALES,HIGH,0,0,NO ACTION,Stock level does not currently breach reorder rules,PROMOTION / MARKDOWN REVIEW,No observed positive sales with high stock (21 units),PROMOTION REVIEW,5,No observed positive sales with high stock (21 units),EXCESS / NON-MOVING STOCK
821,NA75D3030AS/EU,Gorey,GAS HOBS,Samsung St/St 75cm 5 Burner Gas Hob,21,IN_STOCK,0,5,0.0,,,0,NO_SALES,UNCLASSIFIED,NO_OBSERVED_SALES,HIGH,0,0,NO ACTION,Stock level does not currently breach reorder rules,PROMOTION / MARKDOWN REVIEW,No observed positive sales with high stock (21 units),PROMOTION REVIEW,5,No observed positive sales with high stock (21 units),EXCESS / NON-MOVING STOCK
1034,RM90F67CECEU,Gorey,USA F/F,Samsung (Plumbed) Black Quad Door USA FF,21,IN_STOCK,0,5,0.0,,,0,NO_SALES,UNCLASSIFIED,NO_OBSERVED_SALES,HIGH,0,0,NO ACTION,Stock level does not currently breach reorder rules,PROMOTION / MARKDOWN REVIEW,No observed positive sales with high stock (21 units),PROMOTION REVIEW,5,No observed positive sales with high stock (21 units),EXCESS / NON-MOVING STOCK
440,EDHI6285B,Cavan,TUMBLE DRYERS,Electrolux 8kg Heat Pump Dryer,21,IN_STOCK,0,3,1.0,1.0,1.0,1,LOW,A,OBSERVED_SALES,HIGH,3,1,NO ACTION,Stock level does not currently breach reorder rules,SLOW MOVER REVIEW,Low sales velocity with high stock (21 units),SLOW MOVER REVIEW,6,Low sales velocity with high stock (21 units),SLOW-MOVING STOCK
440,EDHI6285B,Gorey,TUMBLE DRYERS,Electrolux 8kg Heat Pump Dryer,19,IN_STOCK,0,5,1.0,1.0,1.0,1,LOW,A,OBSERVED_SALES,HIGH,3,1,NO ACTION,Stock level does not currently breach reorder rules,SLOW MOVER REVIEW,Low sales velocity with high stock (19 units),SLOW MOVER REVIEW,6,Low sales velocity with high stock (19 units),SLOW-MOVING STOCK
557,H7240BM,Gorey,SINGLE OVENS,Miele 11093470 Combi Microwave,18,IN_STOCK,0,5,0.0,,,0,NO_SALES,UNCLASSIFIED,NO_OBSERVED_SALES,HIGH,0,0,NO ACTION,Stock level does not currently breach reorder rules,PROMOTION / MARKDOWN REVIEW,No observed positive sales with high stock (18 units),PROMOTION REVIEW,5,No observed positive sales with high stock (18 units),EXCESS / NON-MOVING STOCK
446,EFI61941B,Gorey,WASHING MACHINES,Electrolux 9kg 1400 Spin Washing Machine,17,IN_STOCK,0,5,0.0,,,0,NO_SALES,UNCLASSIFIED,NO_OBSERVED_SALES,HIGH,0,0,NO ACTION,Stock level does not currently breach reorder rules,PROMOTION / MARKDOWN REVIEW,No observed positive sales with high stock (17 units),PROMOTION REVIEW,5,No observed positive sales with high stock (17 units),EXCESS / NON-MOVING STOCK
713,KMDA7272FR-U,Gorey,DOWNDRAFT HOBS,Miele 12246260 Venting Hob,16,IN_STOCK,0,5,0.0,,,0,NO_SALES,UNCLASSIFIED,NO_OBSERVED_SALES,HIGH,0,0,NO ACTION,Stock level does not currently breach reorder rules,PROMOTION / MARKDOWN REVIEW,No observed positive sales with high stock (16 units),PROMOTION REVIEW,5,No observed positive sales with high stock (16 units),EXCESS / NON-MOVING STOCK
448,EFI63142UD,Gorey,WASHING MACHINES,Electrolux 10kg 1400 Spin Universal Dose Washer,16,IN_STOCK,0,5,1.0,1.0,1.0,1,LOW,A,OBSERVED_SALES,HIGH,3,1,NO ACTION,Stock level does not currently breach reorder rules,SLOW MOVER REVIEW,Low sales velocity with high stock (16 units),SLOW MOVER REVIEW,6,Low sales velocity with high stock (16 units),SLOW-MOVING STOCK
441,EDHI739U4B,Cavan,TUMBLE DRYERS,Electrolux 9kg Heat Pump Dryer,15,IN_STOCK,0,3,0.0,,,0,NO_SALES,UNCLASSIFIED,NO_OBSERVED_SALES,HIGH,0,0,NO ACTION,Stock level does not currently breach reorder rules,PROMOTION / MARKDOWN REVIEW,No observed positive sales with high stock (15 units),PROMOTION REVIEW,5,No observed positive sales with high stock (15 units),EXCESS / NON-MOVING STOCK
445,EFI61841B,Cavan,WASHING MACHINES,Electrolux 8kg 1400 Spin Washing Machine,15,IN_STOCK,0,3,0.0,,,0,NO_SALES,UNCLASSIFIED,NO_OBSERVED_SALES,HIGH,0,0,NO ACTION,Stock level does not currently breach reorder rules,PROMOTION / MARKDOWN REVIEW,No observed positive sales with high stock (15 units),PROMOTION REVIEW,5,No observed positive sales with high stock (15 units),EXCESS / NON-MOVING STOCK
445,EFI61841B,Gorey,WASHING MACHINES,Electrolux 8kg 1400 Spin Washing Machine,13,IN_STOCK,0,5,0.0,,,0,NO_SALES,UNCLASSIFIED,NO_OBSERVED_SALES,HIGH,0,0,NO ACTION,Stock level does not currently breach reorder rules,PROMOTION / MARKDOWN REVIEW,No observed positive sales with high stock (13 units),PROMOTION REVIEW,5,No observed positive sales with high stock (13 units),EXCESS / NON-MOVING STOCK
825,NCH84C23AB,Gorey,DOWNDRAFT HOBS,AEG Venting Hob 80cm,13,IN_STOCK,0,5,0.0,,,0,NO_SALES,UNCLASSIFIED,NO_OBSERVED_SALES,HIGH,0,0,NO ACTION,Stock level does not currently breach reorder rules,PROMOTION / MARKDOWN REVIEW,No observed positive sales with high stock (13 units),PROMOTION REVIEW,5,No observed positive sales with high stock (13 units),EXCESS / NON-MOVING STOCK
1391,WQG245R1GB,Gorey,TUMBLE DRYERS,*Bosch Cast Iron 9kg Heat Pump Dryer,13,IN_STOCK,0,5,0.0,,,0,NO_SALES,UNCLASSIFIED,NO_OBSERVED_SALES,HIGH,0,0,NO ACTION,Stock level does not currently breach reorder rules,PROMOTION / MARKDOWN REVIEW,No observed positive sales with high stock (13 units),PROMOTION REVIEW,5,No observed positive sales with high stock (13 units),EXCESS / NON-MOVING STOCK
1102,SI2641D,Gorey,HOBS,Smeg 60cm 7.2kW Induction Hob,13,IN_STOCK,0,5,1.0,1.0,1.0,1,LOW,B,OBSERVED_SALES,HIGH,2,1,NO ACTION,Stock level does not currently breach reorder rules,SLOW MOVER REVIEW,Low sales velocity with high stock (13 units),SLOW MOVER REVIEW,6,Low sales velocity with high stock (13 units),SLOW-MOVING STOCK
382,DII10DIX,Gorey,DOUBLE OVENS,Indesit St/St Double Oven,12,IN_STOCK,0,5,0.0,,,0,NO_SALES,UNCLASSIFIED,NO_OBSERVED_SALES,HIGH,0,0,NO ACTION,Stock level does not currently breach reorder rules,PROMOTION / MARKDOWN REVIEW,No observed positive sales with high stock (12 units),PROMOTION REVIEW,5,No observed positive sales with high stock (12 units),EXCESS / NON-MOVING STOCK
554,H2455BBK,Gorey,SINGLE OVENS,Miele Blk 12408770 Single Oven,12,IN_STOCK,0,5,0.0,,,0,NO_SALES,UNCLASSIFIED,NO_OBSERVED_SALES,HIGH,0,0,NO ACTION,Stock level does not currently breach reorder rules,PROMOTION / MARKDOWN REVIEW,No observed positive sales with high stock (12 units),PROMOTION REVIEW,5,No observed positive sales with high stock (12 units),EXCESS / NON-MOVING STOCK
682,KEAF7200L,Gorey,INT DISHWASHERS,Electrolux Integrated Dishwasher,12,IN_STOCK,0,5,0.0,,,0,NO_SALES,UNCLASSIFIED,NO_OBSERVED_SALES,HIGH,0,0,NO ACTION,Stock level does not currently breach reorder rules,PROMOTION / MARKDOWN REVIEW,No observed positive sales with high stock (12 units),PROMOTION REVIEW,5,No observed positive sales with high stock (12 units),EXCESS / NON-MOVING STOCK
691,KGV336WEAG,Gorey,FRIDGE FREEZERS,*Bosch White Fridge Freezer 176 x 60,12,IN_STOCK,0,5,0.0,,,0,NO_SALES,UNCLASSIFIED,NO_OBSERVED_SALES,HIGH,0,0,NO ACTION,Stock level does not currently breach reorder rules,PROMOTION / MARKDOWN REVIEW,No observed positive sales with high stock (12 units),PROMOTION REVIEW,5,No observed positive sales with high stock (12 units),EXCESS / NON-MOVING STOCK
723,KOFFP46TX,Cavan,SINGLE OVENS,Electrolux St/St Single Pyroclean Oven,12,IN_STOCK,0,3,0.0,,,0,NO_SALES,UNCLASSIFIED,NO_OBSERVED_SALES,HIGH,0,0,NO ACTION,Stock level does not currently breach reorder rules,PROMOTION / MARKDOWN REVIEW,No observed positive sales with high stock (12 units),PROMOTION REVIEW,5,No observed positive sales with high stock (12 units),EXCESS / NON-MOVING STOCK
836,NZ64F3NM1AB/UR,Cavan,HOBS,Samsung 60cm Induction Hob,12,IN_STOCK,0,3,0.0,,,0,NO_SALES,UNCLASSIFIED,NO_OBSERVED_SALES,HIGH,0,0,NO ACTION,Stock level does not currently breach reorder rules,PROMOTION / MARKDOWN REVIEW,No observed positive sales with high stock (12 units),PROMOTION REVIEW,5,No observed positive sales with high stock (12 units),EXCESS / NON-MOVING STOCK
1143,SMV6ZCX10G,Cavan,INT DISHWASHERS,Bosch NEW Series 6 Integrated Dishwasher,12,IN_STOCK,0,3,0.0,,,0,NO_SALES,UNCLASSIFIED,NO_OBSERVED_SALES,HIGH,0,0,NO ACTION,Stock level does not currently breach reorder rules,PROMOTION / MARKDOWN REVIEW,No observed positive sales with high stock (12 units),PROMOTION REVIEW,5,No observed positive sales with high stock (12 units),EXCESS / NON-MOVING STOCK
724,KOFGH40TK,Gorey,SINGLE OVENS,Electrolux Black Single Oven,12,IN_STOCK,0,5,1.0,1.0,1.0,1,LOW,B,OBSERVED_SALES,HIGH,2,1,NO ACTION,Stock level does not currently breach reorder rules,SLOW MOVER REVIEW,Low sales velocity with high stock (12 units),SLOW MOVER REVIEW,6,Low sales velocity with high stock (12 units),SLOW-MOVING STOCK
743,LIB60420C,Blanch,HOBS,Electrolux 60cm Induction Hob,12,IN_STOCK,0,2,1.0,1.0,1.0,1,LOW,B,OBSERVED_SALES,HIGH,2,1,NO ACTION,Stock level does not currently breach reorder rules,SLOW MOVER REVIEW,Low sales velocity with high stock (12 units),SLOW MOVER REVIEW,6,Low sales velocity with high stock (12 units),SLOW-MOVING STOCK
437,EDFDC46X,Gorey,DOUBLE OVENS,Electrolux Double Oven St/St,11,IN_STOCK,0,5,0.0,,,0,NO_SALES,UNCLASSIFIED,NO_OBSERVED_SALES,HIGH,0,0,NO ACTION,Stock level does not currently breach reorder rules,PROMOTION / MARKDOWN REVIEW,No observed positive sales with high stock (11 units),PROMOTION REVIEW,5,No observed positive sales with high stock (11 units),EXCESS / NON-MOVING STOCK
447,EFI62142B,Cavan,WASHING MACHINES,Electrolux 10kg 1400 Spin Washing Machine,11,IN_STOCK,0,3,0.0,,,0,NO_SALES,UNCLASSIFIED,NO_OBSERVED_SALES,HIGH,0,0,NO ACTION,Stock level does not currently breach reorder rules,PROMOTION / MARKDOWN REVIEW,No observed positive sales with high stock (11 units),PROMOTION REVIEW,5,No observed positive sales with high stock (11 units),EXCESS / NON-MOVING STOCK
732,KUN7NE18C,Cavan,INT FREEZERS,Electrolux Tall Integrated Freezer Frost Free,11,IN_STOCK,0,3,0.0,,,0,NO_SALES,UNCLASSIFIED,NO_OBSERVED_SALES,HIGH,0,0,NO ACTION,Stock level does not currently breach reorder rules,PROMOTION / MARKDOWN REVIEW,No observed positive sales with high stock (11 units),PROMOTION REVIEW,5,No observed positive sales with high stock (11 units),EXCESS / NON-MOVING STOCK
740,LFSR7414U6UD,Gorey,WASHING MACHINES,AEG Dark Silver 10kg 1400 Spin Washer,11,IN_STOCK,0,5,0.0,,,0,NO_SALES,UNCLASSIFIED,NO_OBSERVED_SALES,HIGH,0,0,NO ACTION,Stock level does not currently breach reorder rules,PROMOTION / MARKDOWN REVIEW,No observed positive sales with high stock (11 units),PROMOTION REVIEW,5,No observed positive sales with high stock (11 units),EXCESS / NON-MOVING STOCK
831,NOVY1861,Gorey,DOWNDRAFT HOBS,Novy Easy Recirculating Hob,11,IN_STOCK,0,5,0.0,,,0,NO_SALES,UNCLASSIFIED,NO_OBSERVED_SALES,HIGH,0,0,NO ACTION,Stock level does not currently breach reorder rules,PROMOTION / MARKDOWN REVIEW,No observed positive sales with high stock (11 units),PROMOTION REVIEW,5,No observed positive sales with high stock (11 units),EXCESS / NON-MOVING STOCK
743,LIB60420C,Gorey,HOBS,Electrolux 60cm Induction Hob,11,IN_STOCK,0,5,1.0,1.0,1.0,1,LOW,B,OBSERVED_SALES,HIGH,2,1,NO ACTION,Stock level does not currently breach reorder rules,SLOW MOVER REVIEW,Low sales velocity with high stock (11 units),SLOW MOVER REVIEW,6,Low sales velocity with high stock (11 units),SLOW-MOVING STOCK
1051,S187ZCX03G,Gorey,INT DISHWASHERS,Neff N70 Integrated Dishwasher,11,IN_STOCK,0,5,1.0,1.0,1.0,1,LOW,A,OBSERVED_SALES,HIGH,3,1,NO ACTION,Stock level does not currently breach reorder rules,SLOW MOVER REVIEW,Low sales velocity with high stock (11 units),SLOW MOVER REVIEW,6,Low sales velocity with high stock (11 units),SLOW-MOVING STOCK
325,C24MR21G0B,Cavan,SINGLE OVENS,Neff N70 Compact Oven with Microwave Function,10,IN_STOCK,0,3,0.0,,,0,NO_SALES,UNCLASSIFIED,NO_OBSERVED_SALES,HIGH,0,0,NO ACTION,Stock level does not currently breach reorder rules,PROMOTION / MARKDOWN REVIEW,No observed positive sales with high stock (10 units),PROMOTION REVIEW,5,No observed positive sales with high stock (10 units),EXCESS / NON-MOVING STOCK
435,EDFDC46K,Gorey,DOUBLE OVENS,Electrolux BLACK Double Oven,10,IN_STOCK,0,5,0.0,,,0,NO_SALES,UNCLASSIFIED,NO_OBSERVED_SALES,HIGH,0,0,NO ACTION,Stock level does not currently breach reorder rules,PROMOTION / MARKDOWN REVIEW,No observed positive sales with high stock (10 units),PROMOTION REVIEW,5,No observed positive sales with high stock (10 units),EXCESS / NON-MOVING STOCK
446,EFI61941B,Cavan,WASHING MACHINES,Electrolux 9kg 1400 Spin Washing Machine,10,IN_STOCK,0,3,0.0,,,0,NO_SALES,UNCLASSIFIED,NO_OBSERVED_SALES,HIGH,0,0,NO ACTION,Stock level does not currently breach reorder rules,PROMOTION / MARKDOWN REVIEW,No observed positive sales with high stock (10 units),PROMOTION REVIEW,5,No observed positive sales with high stock (10 units),EXCESS / NON-MOVING STOCK
475,EVLDE46K,Gorey,SINGLE OVENS,Electrolux Black Compack Oven with MW,10,IN_STOCK,0,5,0.0,,,0,NO_SALES,UNCLASSIFIED,NO_OBSERVED_SALES,HIGH,0,0,NO ACTION,Stock level does not currently breach reorder rules,PROMOTION / MARKDOWN REVIEW,No observed positive sales with high stock (10 units),PROMOTION REVIEW,5,No observed positive sales with high stock (10 units),EXCESS / NON-MOVING STOCK
513,FSS96828P,Cavan,INT DISHWASHERS,AEG A Rated Integrated Dishwasher,10,IN_STOCK,0,3,0.0,,,0,NO_SALES,UNCLASSIFIED,NO_OBSERVED_SALES,HIGH,0,0,NO ACTION,Stock level does not currently breach reorder rules,PROMOTION / MARKDOWN REVIEW,No observed positive sales with high stock (10 units),PROMOTION REVIEW,5,No observed positive sales with high stock (10 units),EXCESS / NON-MOVING STOCK
559,H7440BMOBBL,Gorey,SINGLE OVENS,Miele (11093530) Black Combi Oven,10,IN_STOCK,0,5,0.0,,,0,NO_SALES,UNCLASSIFIED,NO_OBSERVED_SALES,HIGH,0,0,NO ACTION,Stock level does not currently breach reorder rules,PROMOTION / MARKDOWN REVIEW,No observed positive sales with high stock (10 units),PROMOTION REVIEW,5,No observed positive sales with high stock (10 units),EXCESS / NON-MOVING STOCK
678,KDFCC00K,Gorey,DOUBLE OVENS,Electrolux BLACK Double Oven,10,IN_STOCK,0,5,0.0,,,0,NO_SALES,UNCLASSIFIED,NO_OBSERVED_SALES,HIGH,0,0,NO ACTION,Stock level does not currently breach reorder rules,PROMOTION / MARKDOWN REVIEW,No observed positive sales with high stock (10 units),PROMOTION REVIEW,5,No observed positive sales with high stock (10 units),EXCESS / NON-MOVING STOCK
749,LKR555100X,Gorey,COOKERS,Electrolux 55cm St/St Cooker,10,IN_STOCK,0,5,0.0,,,0,NO_SALES,UNCLASSIFIED,NO_OBSERVED_SALES,HIGH,0,0,NO ACTION,Stock level does not currently breach reorder rules,PROMOTION / MARKDOWN REVIEW,No observed positive sales with high stock (10 units),PROMOTION REVIEW,5,No observed positive sales with high stock (10 units),EXCESS / NON-MOVING STOCK
830,NMG31FSBL,Blanch,MICROWAVE OVENS,Nordemende  31 Litre Freestanding Microwave Black,10,IN_STOCK,0,2,0.0,,,0,NO_SALES,UNCLASSIFIED,NO_OBSERVED_SALES,HIGH,0,0,NO ACTION,Stock level does not currently breach reorder rules,PROMOTION / MARKDOWN REVIEW,No observed positive sales with high stock (10 units),PROMOTION REVIEW,5,No observed positive sales with high stock (10 units),EXCESS / NON-MOVING STOCK
830,NMG31FSBL,Cavan,MICROWAVE OVENS,Nordemende  31 Litre Freestanding Microwave Black,10,IN_STOCK,0,3,0.0,,,0,NO_SALES,UNCLASSIFIED,NO_OBSERVED_SALES,HIGH,0,0,NO ACTION,Stock level does not currently breach reorder rules,PROMOTION / MARKDOWN REVIEW,No observed positive sales with high stock (10 units),PROMOTION REVIEW,5,No observed positive sales with high stock (10 units),EXCESS / NON-MOVING STOCK
830,NMG31FSBL,Gorey,MICROWAVE OVENS,Nordemende  31 Litre Freestanding Microwave Black,10,IN_STOCK,0,5,0.0,,,0,NO_SALES,UNCLASSIFIED,NO_OBSERVED_SALES,HIGH,0,0,NO ACTION,Stock level does not currently breach reorder rules,PROMOTION / MARKDOWN REVIEW,No observed positive sales with high stock (10 units),PROMOTION REVIEW,5,No observed positive sales with high stock (10 units),EXCESS / NON-MOVING STOCK
832,NSK9Z181EC,Gorey,INT FRIDGES,AEG Integrated Fridge Long Fresh,10,IN_STOCK,0,5,0.0,,,0,NO_SALES,UNCLASSIFIED,NO_OBSERVED_SALES,HIGH,0,0,NO ACTION,Stock level does not currently breach reorder rules,PROMOTION / MARKDOWN REVIEW,No observed positive sales with high stock (10 units),PROMOTION REVIEW,5,No observed positive sales with high stock (10 units),EXCESS / NON-MOVING STOCK
1141,SMV4HVX00G,Gorey,INT DISHWASHERS,*Bosch Series 4 Integrated Dishwasher,10,IN_STOCK,0,5,0.0,,,0,NO_SALES,UNCLASSIFIED,NO_OBSERVED_SALES,HIGH,0,0,NO ACTION,Stock level does not currently breach reorder rules,PROMOTION / MARKDOWN REVIEW,No observed positive sales with high stock (10 units),PROMOTION REVIEW,5,No observed positive sales with high stock (10 units),EXCESS / NON-MOVING STOCK
1302,W9OM24S1PBSS,Cavan,SINGLE OVENS,Whirlpool Pyroclean Black 73L Single Oven,10,IN_STOCK,0,3,0.0,,,0,NO_SALES,UNCLASSIFIED,NO_OBSERVED_SALES,HIGH,0,0,NO ACTION,Stock level does not currently breach reorder rules,PROMOTION / MARKDOWN REVIEW,No observed positive sales with high stock (10 units),PROMOTION REVIEW,5,No observed positive sales with high stock (10 units),EXCESS / NON-MOVING STOCK
1348,WHC18D041A1,Gorey,INT FRIDGE FREEZERS,Whirlpool 70/30 Int FF ART6550,10,IN_STOCK,0,5,0.0,,,0,NO_SALES,UNCLASSIFIED,NO_OBSERVED_SALES,HIGH,0,0,NO ACTION,Stock level does not currently breach reorder rules,PROMOTION / MARKDOWN REVIEW,No observed positive sales with high stock (10 units),PROMOTION REVIEW,5,No observed positive sales with high stock (10 units),EXCESS / NON-MOVING STOCK
1428,YC-MS252AU-B,Blanch,MICROWAVE OVENS,SHARP MICROWAVE 25LTR,10,IN_STOCK,0,2,0.0,,,0,NO_SALES,UNCLASSIFIED,NO_OBSERVED_SALES,HIGH,0,0,NO ACTION,Stock level does not currently breach reorder rules,PROMOTION / MARKDOWN REVIEW,No observed positive sales with high stock (10 units),PROMOTION REVIEW,5,No observed positive sales with high stock (10 units),EXCESS / NON-MOVING STOCK
681,KDFGE40TX,Gorey,DOUBLE OVENS,ELECTROLUX  D/O ENAMEL LINERS STEEL,10,IN_STOCK,0,5,1.0,1.0,1.0,1,LOW,A,OBSERVED_SALES,HIGH,3,1,NO ACTION,Stock level does not currently breach reorder rules,SLOW MOVER REVIEW,Low sales velocity with high stock (10 units),SLOW MOVER REVIEW,6,Low sales velocity with high stock (10 units),SLOW-MOVING STOCK
758,LNT6NE18S,Cavan,INT FRIDGE FREEZERS,Electrolux Built in Fridge Freezer 70:30,10,IN_STOCK,0,3,1.0,1.0,1.0,1,LOW,A,OBSERVED_SALES,HIGH,3,1,NO ACTION,Stock level does not currently breach reorder rules,SLOW MOVER REVIEW,Low sales velocity with high stock (10 units),SLOW MOVER REVIEW,6,Low sales velocity with high stock (10 units),SLOW-MOVING STOCK
351,CONU1DCC0AK3B,Gorey,DOUBLE OVENS,Neff Black N30 Double Oven,9,IN_STOCK,0,5,0.0,,,0,NO_SALES,UNCLASSIFIED,NO_OBSERVED_SALES,HIGH,0,0,NO ACTION,Stock level does not currently breach reorder rules,PROMOTION / MARKDOWN REVIEW,No observed positive sales with high stock (9 units),PROMOTION REVIEW,5,No observed positive sales with high stock (9 units),EXCESS / NON-MOVING STOCK
443,EES48410L,Gorey,INT DISHWASHERS,Electrolux Integrated Dishwasher,9,IN_STOCK,0,5,0.0,,,0,NO_SALES,UNCLASSIFIED,NO_OBSERVED_SALES,HIGH,0,0,NO ACTION,Stock level does not currently breach reorder rules,PROMOTION / MARKDOWN REVIEW,No observed positive sales with high stock (9 units),PROMOTION REVIEW,5,No observed positive sales with high stock (9 units),EXCESS / NON-MOVING STOCK
726,KRD6DE18C,Cavan,INT FRIDGES,Electrolux Int Fridge 178H,9,IN_STOCK,0,3,0.0,,,0,NO_SALES,UNCLASSIFIED,NO_OBSERVED_SALES,HIGH,0,0,NO ACTION,Stock level does not currently breach reorder rules,PROMOTION / MARKDOWN REVIEW,No observed positive sales with high stock (9 units),PROMOTION REVIEW,5,No observed positive sales with high stock (9 units),EXCESS / NON-MOVING STOCK
742,LFSR84146UD,Gorey,WASHING MACHINES,AEG 10kg 1400 Spin Washing Machine,9,IN_STOCK,0,5,0.0,,,0,NO_SALES,UNCLASSIFIED,NO_OBSERVED_SALES,HIGH,0,0,NO ACTION,Stock level does not currently breach reorder rules,PROMOTION / MARKDOWN REVIEW,No observed positive sales with high stock (9 units),PROMOTION REVIEW,5,No observed positive sales with high stock (9 units),EXCESS / NON-MOVING STOCK
755,LNS5LE18S,Gorey,INT FRIDGE FREEZERS,Electrolux 70:30 low frost Fridge Freezer,9,IN_STOCK,0,5,0.0,,,0,NO_SALES,UNCLASSIFIED,NO_OBSERVED_SALES,HIGH,0,0,NO ACTION,Stock level does not currently breach reorder rules,PROMOTION / MARKDOWN REVIEW,No observed positive sales with high stock (9 units),PROMOTION REVIEW,5,No observed positive sales with high stock (9 units),EXCESS / NON-MOVING STOCK
761,LRS3DE39W,Gorey,FRIDGES,Electrolux 186HTall White Fridge,9,IN_STOCK,0,5,0.0,,,0,NO_SALES,UNCLASSIFIED,NO_OBSERVED_SALES,HIGH,0,0,NO ACTION,Stock level does not currently breach reorder rules,PROMOTION / MARKDOWN REVIEW,No observed positive sales with high stock (9 units),PROMOTION REVIEW,5,No observed positive sales with high stock (9 units),EXCESS / NON-MOVING STOCK
831,NOVY1861,Blanch,DOWNDRAFT HOBS,Novy Easy Recirculating Hob,9,IN_STOCK,0,2,0.0,,,0,NO_SALES,UNCLASSIFIED,NO_OBSERVED_SALES,HIGH,0,0,NO ACTION,Stock level does not currently breach reorder rules,PROMOTION / MARKDOWN REVIEW,No observed positive sales with high stock (9 units),PROMOTION REVIEW,5,No observed positive sales with high stock (9 units),EXCESS / NON-MOVING STOCK
1388,WQG24500GB,Blanch,TUMBLE DRYERS,*Bosch Series 6 9kg White Heat Pump Dryer,9,IN_STOCK,0,2,0.0,,,0,NO_SALES,UNCLASSIFIED,NO_OBSERVED_SALES,HIGH,0,0,NO ACTION,Stock level does not currently breach reorder rules,PROMOTION / MARKDOWN REVIEW,No observed positive sales with high stock (9 units),PROMOTION REVIEW,5,No observed positive sales with high stock (9 units),EXCESS / NON-MOVING STOCK
760,LRR6436,Cavan,HOBS,Electrolux 60cm Ceramic Touch Control Hob,9,IN_STOCK,0,3,1.0,1.0,1.0,1,LOW,B,OBSERVED_SALES,HIGH,2,1,NO ACTION,Stock level does not currently breach reorder rules,SLOW MOVER REVIEW,Low sales velocity with high stock (9 units),SLOW MOVER REVIEW,6,Low sales velocity with high stock (9 units),SLOW-MOVING STOCK
1102,SI2641D,Cavan,HOBS,Smeg 60cm 7.2kW Induction Hob,9,IN_STOCK,0,3,1.0,1.0,1.0,1,LOW,B,OBSERVED_SALES,HIGH,2,1,NO ACTION,Stock level does not currently breach reorder rules,SLOW MOVER REVIEW,Low sales velocity with high stock (9 units),SLOW MOVER REVIEW,6,Low sales velocity with high stock (9 units),SLOW-MOVING STOCK
1108,SIFNE5108,Gorey,INT FREEZERS,Liebherr Integrated No Frost Freezer,9,IN_STOCK,0,5,1.0,1.0,1.0,1,LOW,A,OBSERVED_SALES,HIGH,3,1,NO ACTION,Stock level does not currently breach reorder rules,SLOW MOVER REVIEW,Low sales velocity with high stock (9 units),SLOW MOVER REVIEW,6,Low sales velocity with high stock (9 units),SLOW-MOVING STOCK
1287,VM131BL,Gorey,INT MICROWAVES,CDA Black Integrated Microwave,9,IN_STOCK,0,5,1.0,1.0,1.0,1,LOW,B,OBSERVED_SALES,HIGH,2,1,NO ACTION,Stock level does not currently breach reorder rules,SLOW MOVER REVIEW,Low sales velocity with high stock (9 units),SLOW MOVER REVIEW,6,Low sales velocity with high stock (9 units),SLOW-MOVING STOCK
348,CONKI5871SE0G,Gorey,INT FRIDGE FREEZERS,CONTRACT NEFF INT FRIDGE FREEZER,8,IN_STOCK,0,5,0.0,,,0,NO_SALES,UNCLASSIFIED,NO_OBSERVED_SALES,HIGH,0,0,NO ACTION,Stock level does not currently breach reorder rules,PROMOTION / MARKDOWN REVIEW,No observed positive sales with high stock (8 units),PROMOTION REVIEW,5,No observed positive sales with high stock (8 units),EXCESS / NON-MOVING STOCK
443,EES48410L,Cavan,INT DISHWASHERS,Electrolux Integrated Dishwasher,8,IN_STOCK,0,3,0.0,,,0,NO_SALES,UNCLASSIFIED,NO_OBSERVED_SALES,HIGH,0,0,NO ACTION,Stock level does not currently breach reorder rules,PROMOTION / MARKDOWN REVIEW,No observed positive sales with high stock (8 units),PROMOTION REVIEW,5,No observed positive sales with high stock (8 units),EXCESS / NON-MOVING STOCK
513,FSS96828P,Gorey,INT DISHWASHERS,AEG A Rated Integrated Dishwasher,8,IN_STOCK,0,5,0.0,,,0,NO_SALES,UNCLASSIFIED,NO_OBSERVED_SALES,HIGH,0,0,NO ACTION,Stock level does not currently breach reorder rules,PROMOTION / MARKDOWN REVIEW,No observed positive sales with high stock (8 units),PROMOTION REVIEW,5,No observed positive sales with high stock (8 units),EXCESS / NON-MOVING STOCK
680,KDFGE40TK,Gorey,DOUBLE OVENS,ELECTROLUX  D/O ENAMEL LINERS BLACK,8,IN_STOCK,0,5,0.0,,,0,NO_SALES,UNCLASSIFIED,NO_OBSERVED_SALES,HIGH,0,0,NO ACTION,Stock level does not currently breach reorder rules,PROMOTION / MARKDOWN REVIEW,No observed positive sales with high stock (8 units),PROMOTION REVIEW,5,No observed positive sales with high stock (8 units),EXCESS / NON-MOVING STOCK
703,KIV644,Gorey,HOBS,Electrolux 60cm Induction Hob,8,IN_STOCK,0,5,0.0,,,0,NO_SALES,UNCLASSIFIED,NO_OBSERVED_SALES,HIGH,0,0,NO ACTION,Stock level does not currently breach reorder rules,PROMOTION / MARKDOWN REVIEW,No observed positive sales with high stock (8 units),PROMOTION REVIEW,5,No observed positive sales with high stock (8 units),EXCESS / NON-MOVING STOCK
723,KOFFP46TX,Gorey,SINGLE OVENS,Electrolux St/St Single Pyroclean Oven,8,IN_STOCK,0,5,0.0,,,0,NO_SALES,UNCLASSIFIED,NO_OBSERVED_SALES,HIGH,0,0,NO ACTION,Stock level does not currently breach reorder rules,PROMOTION / MARKDOWN REVIEW,No observed positive sales with high stock (8 units),PROMOTION REVIEW,5,No observed positive sales with high stock (8 units),EXCESS / NON-MOVING STOCK
744,LIS62443,Blanch,HOBS,Electrolux 60cm Induction Hob,8,IN_STOCK,0,2,0.0,,,0,NO_SALES,UNCLASSIFIED,NO_OBSERVED_SALES,HIGH,0,0,NO ACTION,Stock level does not currently breach reorder rules,PROMOTION / MARKDOWN REVIEW,No observed positive sales with high stock (8 units),PROMOTION REVIEW,5,No observed positive sales with high stock (8 units),EXCESS / NON-MOVING STOCK
755,LNS5LE18S,Cavan,INT FRIDGE FREEZERS,Electrolux 70:30 low frost Fridge Freezer,8,IN_STOCK,0,3,0.0,,,0,NO_SALES,UNCLASSIFIED,NO_OBSERVED_SALES,HIGH,0,0,NO ACTION,Stock level does not currently breach reorder rules,PROMOTION / MARKDOWN REVIEW,No observed positive sales with high stock (8 units),PROMOTION REVIEW,5,No observed positive sales with high stock (8 units),EXCESS / NON-MOVING STOCK
1098,SFP6401TB,Cavan,SINGLE OVENS,Smeg Blk Selezione Aesthetic Single Oven,8,IN_STOCK,0,3,0.0,,,0,NO_SALES,UNCLASSIFIED,NO_OBSERVED_SALES,HIGH,0,0,NO ACTION,Stock level does not currently breach reorder rules,PROMOTION / MARKDOWN REVIEW,No observed positive sales with high stock (8 units),PROMOTION REVIEW,5,No observed positive sales with high stock (8 units),EXCESS / NON-MOVING STOCK
1296,W7IHF60TUSUK,Cavan,INT DISHWASHERS,Whirlpool Maxi Tub A Rated Hydro Rack Dish,8,IN_STOCK,0,3,0.0,,,0,NO_SALES,UNCLASSIFIED,NO_OBSERVED_SALES,HIGH,0,0,NO ACTION,Stock level does not currently breach reorder rules,PROMOTION / MARKDOWN REVIEW,No observed positive sales with high stock (8 units),PROMOTION REVIEW,5,No observed positive sales with high stock (8 units),EXCESS / NON-MOVING STOCK
1302,W9OM24S1PBSS,Gorey,SINGLE OVENS,Whirlpool Pyroclean Black 73L Single Oven,8,IN_STOCK,0,5,0.0,,,0,NO_SALES,UNCLASSIFIED,NO_OBSERVED_SALES,HIGH,0,0,NO ACTION,Stock level does not currently breach reorder rules,PROMOTION / MARKDOWN REVIEW,No observed positive sales with high stock (8 units),PROMOTION REVIEW,5,No observed positive sales with high stock (8 units),EXCESS / NON-MOVING STOCK
1317,WEG885WCS,Gorey,WASHING MACHINES,Miele 12721270 9kg 1400 Spin Washing Machine,8,IN_STOCK,0,5,0.0,,,0,NO_SALES,UNCLASSIFIED,NO_OBSERVED_SALES,HIGH,0,0,NO ACTION,Stock level does not currently breach reorder rules,PROMOTION / MARKDOWN REVIEW,No observed positive sales with high stock (8 units),PROMOTION REVIEW,5,No observed positive sales with high stock (8 units),EXCESS / NON-MOVING STOCK
1391,WQG245R1GB,Blanch,TUMBLE DRYERS,*Bosch Cast Iron 9kg Heat Pump Dryer,8,IN_STOCK,0,2,0.0,,,0,NO_SALES,UNCLASSIFIED,NO_OBSERVED_SALES,HIGH,0,0,NO ACTION,Stock level does not currently breach reorder rules,PROMOTION / MARKDOWN REVIEW,No observed positive sales with high stock (8 units),PROMOTION REVIEW,5,No observed positive sales with high stock (8 units),EXCESS / NON-MOVING STOCK
1428,YC-MS252AU-B,Gorey,MICROWAVE OVENS,SHARP MICROWAVE 25LTR,8,IN_STOCK,0,5,0.0,,,0,NO_SALES,UNCLASSIFIED,NO_OBSERVED_SALES,HIGH,0,0,NO ACTION,Stock level does not currently breach reorder rules,PROMOTION / MARKDOWN REVIEW,No observed positive sales with high stock (8 units),PROMOTION REVIEW,5,No observed positive sales with high stock (8 units),EXCESS / NON-MOVING STOCK
440,EDHI6285B,Blanch,TUMBLE DRYERS,Electrolux 8kg Heat Pump Dryer,8,IN_STOCK,0,2,1.0,1.0,1.0,1,LOW,A,OBSERVED_SALES,HIGH,3,1,NO ACTION,Stock level does not currently breach reorder rules,SLOW MOVER REVIEW,Low sales velocity with high stock (8 units),SLOW MOVER REVIEW,6,Low sales velocity with high stock (8 units),SLOW-MOVING STOCK
448,EFI63142UD,Cavan,WASHING MACHINES,Electrolux 10kg 1400 Spin Universal Dose Washer,8,IN_STOCK,0,3,1.0,1.0,1.0,1,LOW,A,OBSERVED_SALES,HIGH,3,1,NO ACTION,Stock level does not currently breach reorder rules,SLOW MOVER REVIEW,Low sales velocity with high stock (8 units),SLOW MOVER REVIEW,6,Low sales velocity with high stock (8 units),SLOW-MOVING STOCK
747,LKR555100B,Gorey,COOKERS,Electrolux 55cm Black Cooker,8,IN_STOCK,0,5,1.0,1.0,1.0,1,LOW,A,OBSERVED_SALES,HIGH,3,1,NO ACTION,Stock level does not currently breach reorder rules,SLOW MOVER REVIEW,Low sales velocity with high stock (8 units),SLOW MOVER REVIEW,6,Low sales velocity with high stock (8 units),SLOW-MOVING STOCK
758,LNT6NE18S,Gorey,INT FRIDGE FREEZERS,Electrolux Built in Fridge Freezer 70:30,8,IN_STOCK,0,5,1.0,1.0,1.0,1,LOW,A,OBSERVED_SALES,HIGH,3,1,NO ACTION,Stock level does not currently breach reorder rules,SLOW MOVER REVIEW,Low sales velocity with high stock (8 units),SLOW MOVER REVIEW,6,Low sales velocity with high stock (8 units),SLOW-MOVING STOCK
1234,TR848A4B2,Gorey,TUMBLE DRYERS,AEG 8000 Series 8kg Heat Pump Dryer,8,IN_STOCK,0,5,1.0,1.0,1.0,1,LOW,A,OBSERVED_SALES,HIGH,3,1,NO ACTION,Stock level does not currently breach reorder rules,SLOW MOVER REVIEW,Low sales velocity with high stock (8 units),SLOW MOVER REVIEW,6,Low sales velocity with high stock (8 units),SLOW-MOVING STOCK
325,C24MR21G0B,Gorey,SINGLE OVENS,Neff N70 Compact Oven with Microwave Function,7,IN_STOCK,0,5,0.0,,,0,NO_SALES,UNCLASSIFIED,NO_OBSERVED_SALES,HIGH,0,0,NO ACTION,Stock level does not currently breach reorder rules,PROMOTION / MARKDOWN REVIEW,No observed positive sales with high stock (7 units),PROMOTION REVIEW,5,No observed positive sales with high stock (7 units),EXCESS / NON-MOVING STOCK
345,CM778GNB1B,Gorey,SINGLE OVENS,Siemens Black Compact Oven with Microwave,7,IN_STOCK,0,5,0.0,,,0,NO_SALES,UNCLASSIFIED,NO_OBSERVED_SALES,HIGH,0,0,NO ACTION,Stock level does not currently breach reorder rules,PROMOTION / MARKDOWN REVIEW,No observed positive sales with high stock (7 units),PROMOTION REVIEW,5,No observed positive sales with high stock (7 units),EXCESS / NON-MOVING STOCK
350,CONT36CA50X1U,Gorey,HOBS,CONTRACT NEFF HOB,7,IN_STOCK,0,5,0.0,,,0,NO_SALES,UNCLASSIFIED,NO_OBSERVED_SALES,HIGH,0,0,NO ACTION,Stock level does not currently breach reorder rules,PROMOTION / MARKDOWN REVIEW,No observed positive sales with high stock (7 units),PROMOTION REVIEW,5,No observed positive sales with high stock (7 units),EXCESS / NON-MOVING STOCK
394,DV90DB8845GBU1,Gorey,TUMBLE DRYERS,Samsung Series 8 9kg Heat Pump Dryer,7,IN_STOCK,0,5,0.0,,,0,NO_SALES,UNCLASSIFIED,NO_OBSERVED_SALES,HIGH,0,0,NO ACTION,Stock level does not currently breach reorder rules,PROMOTION / MARKDOWN REVIEW,No observed positive sales with high stock (7 units),PROMOTION REVIEW,5,No observed positive sales with high stock (7 units),EXCESS / NON-MOVING STOCK
452,EIV84550,Blanch,HOBS,Electrolux 80cm 5 Zone Induction Hob,7,IN_STOCK,0,2,0.0,,,0,NO_SALES,UNCLASSIFIED,NO_OBSERVED_SALES,HIGH,0,0,NO ACTION,Stock level does not currently breach reorder rules,PROMOTION / MARKDOWN REVIEW,No observed positive sales with high stock (7 units),PROMOTION REVIEW,5,No observed positive sales with high stock (7 units),EXCESS / NON-MOVING STOCK
452,EIV84550,Gorey,HOBS,Electrolux 80cm 5 Zone Induction Hob,7,IN_STOCK,0,5,0.0,,,0,NO_SALES,UNCLASSIFIED,NO_OBSERVED_SALES,HIGH,0,0,NO ACTION,Stock level does not currently breach reorder rules,PROMOTION / MARKDOWN REVIEW,No observed positive sales with high stock (7 units),PROMOTION REVIEW,5,No observed positive sales with high stock (7 units),EXCESS / NON-MOVING STOCK
456,EOD6C46X2,Blanch,SINGLE OVENS,ELECTROLUX SINGLE OVEN ST STEEL,7,IN_STOCK,0,2,0.0,,,0,NO_SALES,UNCLASSIFIED,NO_OBSERVED_SALES,HIGH,0,0,NO ACTION,Stock level does not currently breach reorder rules,PROMOTION / MARKDOWN REVIEW,No observed positive sales with high stock (7 units),PROMOTION REVIEW,5,No observed positive sales with high stock (7 units),EXCESS / NON-MOVING STOCK
456,EOD6C46X2,Cavan,SINGLE OVENS,ELECTROLUX SINGLE OVEN ST STEEL,7,IN_STOCK,0,3,0.0,,,0,NO_SALES,UNCLASSIFIED,NO_OBSERVED_SALES,HIGH,0,0,NO ACTION,Stock level does not currently breach reorder rules,PROMOTION / MARKDOWN REVIEW,No observed positive sales with high stock (7 units),PROMOTION REVIEW,5,No observed positive sales with high stock (7 units),EXCESS / NON-MOVING STOCK
475,EVLDE46K,Cavan,SINGLE OVENS,Electrolux Black Compack Oven with MW,7,IN_STOCK,0,3,0.0,,,0,NO_SALES,UNCLASSIFIED,NO_OBSERVED_SALES,HIGH,0,0,NO ACTION,Stock level does not currently breach reorder rules,PROMOTION / MARKDOWN REVIEW,No observed positive sales with high stock (7 units),PROMOTION REVIEW,5,No observed positive sales with high stock (7 units),EXCESS / NON-MOVING STOCK
519,G5851SCVI,Gorey,INT DISHWASHERS,Miele 12865000 Integrated Dishwasher,7,IN_STOCK,0,5,0.0,,,0,NO_SALES,UNCLASSIFIED,NO_OBSERVED_SALES,HIGH,0,0,NO ACTION,Stock level does not currently breach reorder rules,PROMOTION / MARKDOWN REVIEW,No observed positive sales with high stock (7 units),PROMOTION REVIEW,5,No observed positive sales with high stock (7 units),EXCESS / NON-MOVING STOCK
611,INBUF011,Gorey,INT FRIDGES,Indesit Integrated Fridge with Icebox,7,IN_STOCK,0,5,0.0,,,0,NO_SALES,UNCLASSIFIED,NO_OBSERVED_SALES,HIGH,0,0,NO ACTION,Stock level does not currently breach reorder rules,PROMOTION / MARKDOWN REVIEW,No observed positive sales with high stock (7 units),PROMOTION REVIEW,5,No observed positive sales with high stock (7 units),EXCESS / NON-MOVING STOCK
698,KI96NVFD0G,Gorey,INT FRIDGE FREEZERS,Siemens New iQ300Integrated FF 193.5 High,7,IN_STOCK,0,5,0.0,,,0,NO_SALES,UNCLASSIFIED,NO_OBSERVED_SALES,HIGH,0,0,NO ACTION,Stock level does not currently breach reorder rules,PROMOTION / MARKDOWN REVIEW,No observed positive sales with high stock (7 units),PROMOTION REVIEW,5,No observed positive sales with high stock (7 units),EXCESS / NON-MOVING STOCK
701,KINS1261B4UK,Gorey,INT FRIDGE FREEZERS,Indesit 50/50 Integrated Fridge Freezer,7,IN_STOCK,0,5,0.0,,,0,NO_SALES,UNCLASSIFIED,NO_OBSERVED_SALES,HIGH,0,0,NO ACTION,Stock level does not currently breach reorder rules,PROMOTION / MARKDOWN REVIEW,No observed positive sales with high stock (7 units),PROMOTION REVIEW,5,No observed positive sales with high stock (7 units),EXCESS / NON-MOVING STOCK
716,KMDA7676FL-U,Gorey,DOWNDRAFT HOBS,Miele 12509230 Venting Hob,7,IN_STOCK,0,5,0.0,,,0,NO_SALES,UNCLASSIFIED,NO_OBSERVED_SALES,HIGH,0,0,NO ACTION,Stock level does not currently breach reorder rules,PROMOTION / MARKDOWN REVIEW,No observed positive sales with high stock (7 units),PROMOTION REVIEW,5,No observed positive sales with high stock (7 units),EXCESS / NON-MOVING STOCK
726,KRD6DE18C,Gorey,INT FRIDGES,Electrolux Int Fridge 178H,7,IN_STOCK,0,5,0.0,,,0,NO_SALES,UNCLASSIFIED,NO_OBSERVED_SALES,HIGH,0,0,NO ACTION,Stock level does not currently breach reorder rules,PROMOTION / MARKDOWN REVIEW,No observed positive sales with high stock (7 units),PROMOTION REVIEW,5,No observed positive sales with high stock (7 units),EXCESS / NON-MOVING STOCK
753,LKR655210K,Gorey,COOKERS,Electrolux 60cm Black Cooker,7,IN_STOCK,0,5,0.0,,,0,NO_SALES,UNCLASSIFIED,NO_OBSERVED_SALES,HIGH,0,0,NO ACTION,Stock level does not currently breach reorder rules,PROMOTION / MARKDOWN REVIEW,No observed positive sales with high stock (7 units),PROMOTION REVIEW,5,No observed positive sales with high stock (7 units),EXCESS / NON-MOVING STOCK
757,LNT6ME33KO,Cavan,FRIDGE FREEZERS,Electrolux 60/40 186H x 60 Black Fridge Freezer,7,IN_STOCK,0,3,0.0,,,0,NO_SALES,UNCLASSIFIED,NO_OBSERVED_SALES,HIGH,0,0,NO ACTION,Stock level does not currently breach reorder rules,PROMOTION / MARKDOWN REVIEW,No observed positive sales with high stock (7 units),PROMOTION REVIEW,5,No observed positive sales with high stock (7 units),EXCESS / NON-MOVING STOCK
795,MS22M8254AK/E3,Blanch,INT MICROWAVES,Samsung Black 22L Integrated Microwave,7,IN_STOCK,0,2,0.0,,,0,NO_SALES,UNCLASSIFIED,NO_OBSERVED_SALES,HIGH,0,0,NO ACTION,Stock level does not currently breach reorder rules,PROMOTION / MARKDOWN REVIEW,No observed positive sales with high stock (7 units),PROMOTION REVIEW,5,No observed positive sales with high stock (7 units),EXCESS / NON-MOVING STOCK
795,MS22M8254AK/E3,Gorey,INT MICROWAVES,Samsung Black 22L Integrated Microwave,7,IN_STOCK,0,5,0.0,,,0,NO_SALES,UNCLASSIFIED,NO_OBSERVED_SALES,HIGH,0,0,NO ACTION,Stock level does not currently breach reorder rules,PROMOTION / MARKDOWN REVIEW,No observed positive sales with high stock (7 units),PROMOTION REVIEW,5,No observed positive sales with high stock (7 units),EXCESS / NON-MOVING STOCK
820,NA64D3000AK/U1,Gorey,GAS HOBS,Samsung Black Gas Hob,7,IN_STOCK,0,5,0.0,,,0,NO_SALES,UNCLASSIFIED,NO_OBSERVED_SALES,HIGH,0,0,NO ACTION,Stock level does not currently breach reorder rules,PROMOTION / MARKDOWN REVIEW,No observed positive sales with high stock (7 units),PROMOTION REVIEW,5,No observed positive sales with high stock (7 units),EXCESS / NON-MOVING STOCK
821,NA75D3030AS/EU,Blanch,GAS HOBS,Samsung St/St 75cm 5 Burner Gas Hob,7,IN_STOCK,0,2,0.0,,,0,NO_SALES,UNCLASSIFIED,NO_OBSERVED_SALES,HIGH,0,0,NO ACTION,Stock level does not currently breach reorder rules,PROMOTION / MARKDOWN REVIEW,No observed positive sales with high stock (7 units),PROMOTION REVIEW,5,No observed positive sales with high stock (7 units),EXCESS / NON-MOVING STOCK
830,NMG31FSBL,Dundrum,MICROWAVE OVENS,Nordemende  31 Litre Freestanding Microwave Black,7,IN_STOCK,0,4,0.0,,,0,NO_SALES,UNCLASSIFIED,NO_OBSERVED_SALES,HIGH,0,0,NO ACTION,Stock level does not currently breach reorder rules,PROMOTION / MARKDOWN REVIEW,No observed positive sales with high stock (7 units),PROMOTION REVIEW,5,No observed positive sales with high stock (7 units),EXCESS / NON-MOVING STOCK
834,NV68A1170BS/EU,Cavan,SINGLE OVENS,Samsung St/St 68L Pyroclean Oven,7,IN_STOCK,0,3,0.0,,,0,NO_SALES,UNCLASSIFIED,NO_OBSERVED_SALES,HIGH,0,0,NO ACTION,Stock level does not currently breach reorder rules,PROMOTION / MARKDOWN REVIEW,No observed positive sales with high stock (7 units),PROMOTION REVIEW,5,No observed positive sales with high stock (7 units),EXCESS / NON-MOVING STOCK
897,P154MDTC,Cavan,HOBS,Powerpoint Touch Control Ceramic Hob,7,IN_STOCK,0,3,0.0,,,0,NO_SALES,UNCLASSIFIED,NO_OBSERVED_SALES,HIGH,0,0,NO ACTION,Stock level does not currently breach reorder rules,PROMOTION / MARKDOWN REVIEW,No observed positive sales with high stock (7 units),PROMOTION REVIEW,5,No observed positive sales with high stock (7 units),EXCESS / NON-MOVING STOCK
936,P74250MLBL-E,Gorey,FRIDGE FREEZERS,Powerpoint Black 128 x 48cm Fridge Freezer,7,IN_STOCK,0,5,0.0,,,0,NO_SALES,UNCLASSIFIED,NO_OBSERVED_SALES,HIGH,0,0,NO ACTION,Stock level does not currently breach reorder rules,PROMOTION / MARKDOWN REVIEW,No observed positive sales with high stock (7 units),PROMOTION REVIEW,5,No observed positive sales with high stock (7 units),EXCESS / NON-MOVING STOCK
1030,RI860C,Blanch,HOBS,Indesit 60cm Ceramic Hob,7,IN_STOCK,0,2,0.0,,,0,NO_SALES,UNCLASSIFIED,NO_OBSERVED_SALES,HIGH,0,0,NO ACTION,Stock level does not currently breach reorder rules,PROMOTION / MARKDOWN REVIEW,No observed positive sales with high stock (7 units),PROMOTION REVIEW,5,No observed positive sales with high stock (7 units),EXCESS / NON-MOVING STOCK
1170,T25DCKMDBL,Gorey,OVEN & HOB PACK,THOR OVEN & HOB PACK,7,IN_STOCK,0,5,0.0,,,0,NO_SALES,UNCLASSIFIED,NO_OBSERVED_SALES,HIGH,0,0,NO ACTION,Stock level does not currently breach reorder rules,PROMOTION / MARKDOWN REVIEW,No observed positive sales with high stock (7 units),PROMOTION REVIEW,5,No observed positive sales with high stock (7 units),EXCESS / NON-MOVING STOCK
1224,TO64IA00FB,Blanch,HOBS,AEG 60cm Induction Hob,7,IN_STOCK,0,2,0.0,,,0,NO_SALES,UNCLASSIFIED,NO_OBSERVED_SALES,HIGH,0,0,NO ACTION,Stock level does not currently breach reorder rules,PROMOTION / MARKDOWN REVIEW,No observed positive sales with high stock (7 units),PROMOTION REVIEW,5,No observed positive sales with high stock (7 units),EXCESS / NON-MOVING STOCK
1233,TR749GU4B,Gorey,TUMBLE DRYERS,AEG DARK SILVER 9KG HEAT PUMP DRYER,7,IN_STOCK,0,5,0.0,,,0,NO_SALES,UNCLASSIFIED,NO_OBSERVED_SALES,HIGH,0,0,NO ACTION,Stock level does not currently breach reorder rules,PROMOTION / MARKDOWN REVIEW,No observed positive sales with high stock (7 units),PROMOTION REVIEW,5,No observed positive sales with high stock (7 units),EXCESS / NON-MOVING STOCK
1388,WQG24500GB,Gorey,TUMBLE DRYERS,*Bosch Series 6 9kg White Heat Pump Dryer,7,IN_STOCK,0,5,0.0,,,0,NO_SALES,UNCLASSIFIED,NO_OBSERVED_SALES,HIGH,0,0,NO ACTION,Stock level does not currently breach reorder rules,PROMOTION / MARKDOWN REVIEW,No observed positive sales with high stock (7 units),PROMOTION REVIEW,5,No observed positive sales with high stock (7 units),EXCESS / NON-MOVING STOCK
1392,WQH246DRIE,Gorey,TUMBLE DRYERS,Bosch Series 6 9kg Cast Iron Grey Dryer,7,IN_STOCK,0,5,0.0,,,0,NO_SALES,UNCLASSIFIED,NO_OBSERVED_SALES,HIGH,0,0,NO ACTION,Stock level does not currently breach reorder rules,PROMOTION / MARKDOWN REVIEW,No observed positive sales with high stock (7 units),PROMOTION REVIEW,5,No observed positive sales with high stock (7 units),EXCESS / NON-MOVING STOCK
1435,ZMSN5SX,Gorey,INT MICROWAVES,ZANUSSI INT MICROWAVE,7,IN_STOCK,0,5,0.0,,,0,NO_SALES,UNCLASSIFIED,NO_OBSERVED_SALES,HIGH,0,0,NO ACTION,Stock level does not currently breach reorder rules,PROMOTION / MARKDOWN REVIEW,No observed positive sales with high stock (7 units),PROMOTION REVIEW,5,No observed positive sales with high stock (7 units),EXCESS / NON-MOVING STOCK
524,GIN81VEE0G,Gorey,INT FREEZERS,Bosch Built in Freezer,7,IN_STOCK,0,5,1.0,1.0,1.0,1,LOW,A,OBSERVED_SALES,HIGH,3,1,NO ACTION,Stock level does not currently breach reorder rules,SLOW MOVER REVIEW,Low sales velocity with high stock (7 units),SLOW MOVER REVIEW,6,Low sales velocity with high stock (7 units),SLOW-MOVING STOCK
621,IRBBI5150,Gorey,INT FRIDGES,Liebherr Integrated Prime BioFresh Fridge,7,IN_STOCK,0,5,1.0,1.0,1.0,1,LOW,A,OBSERVED_SALES,HIGH,3,1,NO ACTION,Stock level does not currently breach reorder rules,SLOW MOVER REVIEW,Low sales velocity with high stock (7 units),SLOW MOVER REVIEW,6,Low sales velocity with high stock (7 units),SLOW-MOVING STOCK
272,B54CR71G0B,Cavan,SINGLE OVENS,Neff N70 Graphite Single Oven,6,IN_STOCK,0,3,0.0,,,0,NO_SALES,UNCLASSIFIED,NO_OBSERVED_SALES,HIGH,0,0,NO ACTION,Stock level does not currently breach reorder rules,PROMOTION / MARKDOWN REVIEW,No observed positive sales with high stock (6 units),PROMOTION REVIEW,5,No observed positive sales with high stock (6 units),EXCESS / NON-MOVING STOCK
316,BRR29723EWW/EU,Gorey,INT FRIDGES,Samsung Built In Larder Fridge,6,IN_STOCK,0,5,0.0,,,0,NO_SALES,UNCLASSIFIED,NO_OBSERVED_SALES,HIGH,0,0,NO ACTION,Stock level does not currently breach reorder rules,PROMOTION / MARKDOWN REVIEW,No observed positive sales with high stock (6 units),PROMOTION REVIEW,5,No observed positive sales with high stock (6 units),EXCESS / NON-MOVING STOCK
443,EES48410L,Blanch,INT DISHWASHERS,Electrolux Integrated Dishwasher,6,IN_STOCK,0,2,0.0,,,0,NO_SALES,UNCLASSIFIED,NO_OBSERVED_SALES,HIGH,0,0,NO ACTION,Stock level does not currently breach reorder rules,PROMOTION / MARKDOWN REVIEW,No observed positive sales with high stock (6 units),PROMOTION REVIEW,5,No observed positive sales with high stock (6 units),EXCESS / NON-MOVING STOCK
457,EOE8P09X,Cavan,SINGLE OVENS,ELECTROLUX PYRO OVEN WITH PROBE,6,IN_STOCK,0,3,0.0,,,0,NO_SALES,UNCLASSIFIED,NO_OBSERVED_SALES,HIGH,0,0,NO ACTION,Stock level does not currently breach reorder rules,PROMOTION / MARKDOWN REVIEW,No observed positive sales with high stock (6 units),PROMOTION REVIEW,5,No observed positive sales with high stock (6 units),EXCESS / NON-MOVING STOCK
475,EVLDE46K,Blanch,SINGLE OVENS,Electrolux Black Compack Oven with MW,6,IN_STOCK,0,2,0.0,,,0,NO_SALES,UNCLASSIFIED,NO_OBSERVED_SALES,HIGH,0,0,NO ACTION,Stock level does not currently breach reorder rules,PROMOTION / MARKDOWN REVIEW,No observed positive sales with high stock (6 units),PROMOTION REVIEW,5,No observed positive sales with high stock (6 units),EXCESS / NON-MOVING STOCK
604,I55Z1112WUK,Gorey,U/C FREEZER,Indesit White U/C Freezer,6,IN_STOCK,0,5,0.0,,,0,NO_SALES,UNCLASSIFIED,NO_OBSERVED_SALES,HIGH,0,0,NO ACTION,Stock level does not currently breach reorder rules,PROMOTION / MARKDOWN REVIEW,No observed positive sales with high stock (6 units),PROMOTION REVIEW,5,No observed positive sales with high stock (6 units),EXCESS / NON-MOVING STOCK
682,KEAF7200L,Cavan,INT DISHWASHERS,Electrolux Integrated Dishwasher,6,IN_STOCK,0,3,0.0,,,0,NO_SALES,UNCLASSIFIED,NO_OBSERVED_SALES,HIGH,0,0,NO ACTION,Stock level does not currently breach reorder rules,PROMOTION / MARKDOWN REVIEW,No observed positive sales with high stock (6 units),PROMOTION REVIEW,5,No observed positive sales with high stock (6 units),EXCESS / NON-MOVING STOCK
695,KI81RADD0G,Gorey,INT FRIDGES,Siemens iQ500 Built in Fridge,6,IN_STOCK,0,5,0.0,,,0,NO_SALES,UNCLASSIFIED,NO_OBSERVED_SALES,HIGH,0,0,NO ACTION,Stock level does not currently breach reorder rules,PROMOTION / MARKDOWN REVIEW,No observed positive sales with high stock (6 units),PROMOTION REVIEW,5,No observed positive sales with high stock (6 units),EXCESS / NON-MOVING STOCK
696,KI81RVFE0G,Gorey,INT FRIDGES,Siemens IQ300 Integrated Fridge,6,IN_STOCK,0,5,0.0,,,0,NO_SALES,UNCLASSIFIED,NO_OBSERVED_SALES,HIGH,0,0,NO ACTION,Stock level does not currently breach reorder rules,PROMOTION / MARKDOWN REVIEW,No observed positive sales with high stock (6 units),PROMOTION REVIEW,5,No observed positive sales with high stock (6 units),EXCESS / NON-MOVING STOCK
703,KIV644,Blanch,HOBS,Electrolux 60cm Induction Hob,6,IN_STOCK,0,2,0.0,,,0,NO_SALES,UNCLASSIFIED,NO_OBSERVED_SALES,HIGH,0,0,NO ACTION,Stock level does not currently breach reorder rules,PROMOTION / MARKDOWN REVIEW,No observed positive sales with high stock (6 units),PROMOTION REVIEW,5,No observed positive sales with high stock (6 units),EXCESS / NON-MOVING STOCK
703,KIV644,Cavan,HOBS,Electrolux 60cm Induction Hob,6,IN_STOCK,0,3,0.0,,,0,NO_SALES,UNCLASSIFIED,NO_OBSERVED_SALES,HIGH,0,0,NO ACTION,Stock level does not currently breach reorder rules,PROMOTION / MARKDOWN REVIEW,No observed positive sales with high stock (6 units),PROMOTION REVIEW,5,No observed positive sales with high stock (6 units),EXCESS / NON-MOVING STOCK
714,KMDA7473FL-U,Gorey,DOWNDRAFT HOBS,Miele 12246280 80cm Venting Hob,6,IN_STOCK,0,5,0.0,,,0,NO_SALES,UNCLASSIFIED,NO_OBSERVED_SALES,HIGH,0,0,NO ACTION,Stock level does not currently breach reorder rules,PROMOTION / MARKDOWN REVIEW,No observed positive sales with high stock (6 units),PROMOTION REVIEW,5,No observed positive sales with high stock (6 units),EXCESS / NON-MOVING STOCK
728,KS4383ED,Gorey,FREEZERS,Miele 12431040 Tall White Frridge,6,IN_STOCK,0,5,0.0,,,0,NO_SALES,UNCLASSIFIED,NO_OBSERVED_SALES,HIGH,0,0,NO ACTION,Stock level does not currently breach reorder rules,PROMOTION / MARKDOWN REVIEW,No observed positive sales with high stock (6 units),PROMOTION REVIEW,5,No observed positive sales with high stock (6 units),EXCESS / NON-MOVING STOCK
746,LKI655200X,Gorey,COOKERS,Electrolux 60cm St/St Induction Cooker,6,IN_STOCK,0,5,0.0,,,0,NO_SALES,UNCLASSIFIED,NO_OBSERVED_SALES,HIGH,0,0,NO ACTION,Stock level does not currently breach reorder rules,PROMOTION / MARKDOWN REVIEW,No observed positive sales with high stock (6 units),PROMOTION REVIEW,5,No observed positive sales with high stock (6 units),EXCESS / NON-MOVING STOCK
749,LKR555100X,Cavan,COOKERS,Electrolux 55cm St/St Cooker,6,IN_STOCK,0,3,0.0,,,0,NO_SALES,UNCLASSIFIED,NO_OBSERVED_SALES,HIGH,0,0,NO ACTION,Stock level does not currently breach reorder rules,PROMOTION / MARKDOWN REVIEW,No observed positive sales with high stock (6 units),PROMOTION REVIEW,5,No observed positive sales with high stock (6 units),EXCESS / NON-MOVING STOCK
751,LKR655200W,Gorey,COOKERS,Electrolux White 60cm Cooker,6,IN_STOCK,0,5,0.0,,,0,NO_SALES,UNCLASSIFIED,NO_OBSERVED_SALES,HIGH,0,0,NO ACTION,Stock level does not currently breach reorder rules,PROMOTION / MARKDOWN REVIEW,No observed positive sales with high stock (6 units),PROMOTION REVIEW,5,No observed positive sales with high stock (6 units),EXCESS / NON-MOVING STOCK
774,MC28H5013AS/EU,Gorey,MICROWAVE OVENS,Samsung Silver 28L Microwave,6,IN_STOCK,0,5,0.0,,,0,NO_SALES,UNCLASSIFIED,NO_OBSERVED_SALES,HIGH,0,0,NO ACTION,Stock level does not currently breach reorder rules,PROMOTION / MARKDOWN REVIEW,No observed positive sales with high stock (6 units),PROMOTION REVIEW,5,No observed positive sales with high stock (6 units),EXCESS / NON-MOVING STOCK
830,NMG31FSBL,Sandyford,MICROWAVE OVENS,Nordemende  31 Litre Freestanding Microwave Black,6,IN_STOCK,0,7,0.0,,,0,NO_SALES,UNCLASSIFIED,NO_OBSERVED_SALES,HIGH,0,0,NO ACTION,Stock level does not currently breach reorder rules,PROMOTION / MARKDOWN REVIEW,No observed positive sales with high stock (6 units),PROMOTION REVIEW,5,No observed positive sales with high stock (6 units),EXCESS / NON-MOVING STOCK
836,NZ64F3NM1AB/UR,Blanch,HOBS,Samsung 60cm Induction Hob,6,IN_STOCK,0,2,0.0,,,0,NO_SALES,UNCLASSIFIED,NO_OBSERVED_SALES,HIGH,0,0,NO ACTION,Stock level does not currently breach reorder rules,PROMOTION / MARKDOWN REVIEW,No observed positive sales with high stock (6 units),PROMOTION REVIEW,5,No observed positive sales with high stock (6 units),EXCESS / NON-MOVING STOCK
897,P154MDTC,Gorey,HOBS,Powerpoint Touch Control Ceramic Hob,6,IN_STOCK,0,5,0.0,,,0,NO_SALES,UNCLASSIFIED,NO_OBSERVED_SALES,HIGH,0,0,NO ACTION,Stock level does not currently breach reorder rules,PROMOTION / MARKDOWN REVIEW,No observed positive sales with high stock (6 units),PROMOTION REVIEW,5,No observed positive sales with high stock (6 units),EXCESS / NON-MOVING STOCK
898,P154MDTCSS,Cavan,HOBS,Powerpoint Ceramic Hob,6,IN_STOCK,0,3,0.0,,,0,NO_SALES,UNCLASSIFIED,NO_OBSERVED_SALES,HIGH,0,0,NO ACTION,Stock level does not currently breach reorder rules,PROMOTION / MARKDOWN REVIEW,No observed positive sales with high stock (6 units),PROMOTION REVIEW,5,No observed positive sales with high stock (6 units),EXCESS / NON-MOVING STOCK
898,P154MDTCSS,Gorey,HOBS,Powerpoint Ceramic Hob,6,IN_STOCK,0,5,0.0,,,0,NO_SALES,UNCLASSIFIED,NO_OBSERVED_SALES,HIGH,0,0,NO ACTION,Stock level does not currently breach reorder rules,PROMOTION / MARKDOWN REVIEW,No observed positive sales with high stock (6 units),PROMOTION REVIEW,5,No observed positive sales with high stock (6 units),EXCESS / NON-MOVING STOCK
899,P19820INTBG,Cavan,INT MICROWAVES,Powerpoint 20L Integrated Black Microwave,6,IN_STOCK,0,3,0.0,,,0,NO_SALES,UNCLASSIFIED,NO_OBSERVED_SALES,HIGH,0,0,NO ACTION,Stock level does not currently breach reorder rules,PROMOTION / MARKDOWN REVIEW,No observed positive sales with high stock (6 units),PROMOTION REVIEW,5,No observed positive sales with high stock (6 units),EXCESS / NON-MOVING STOCK
905,P22720CPMSL,Dundrum,MICROWAVE OVENS,Powerpoint Silver 20L 700W Microwave,6,IN_STOCK,0,4,0.0,,,0,NO_SALES,UNCLASSIFIED,NO_OBSERVED_SALES,HIGH,0,0,NO ACTION,Stock level does not currently breach reorder rules,PROMOTION / MARKDOWN REVIEW,No observed positive sales with high stock (6 units),PROMOTION REVIEW,5,No observed positive sales with high stock (6 units),EXCESS / NON-MOVING STOCK
910,P22820MMFW,Blanch,MICROWAVE OVENS,Powerpoint 800W 20Ltr Microwave White,6,IN_STOCK,0,2,0.0,,,0,NO_SALES,UNCLASSIFIED,NO_OBSERVED_SALES,HIGH,0,0,NO ACTION,Stock level does not currently breach reorder rules,PROMOTION / MARKDOWN REVIEW,No observed positive sales with high stock (6 units),PROMOTION REVIEW,5,No observed positive sales with high stock (6 units),EXCESS / NON-MOVING STOCK
910,P22820MMFW,Cavan,MICROWAVE OVENS,Powerpoint 800W 20Ltr Microwave White,6,IN_STOCK,0,3,0.0,,,0,NO_SALES,UNCLASSIFIED,NO_OBSERVED_SALES,HIGH,0,0,NO ACTION,Stock level does not currently breach reorder rules,PROMOTION / MARKDOWN REVIEW,No observed positive sales with high stock (6 units),PROMOTION REVIEW,5,No observed positive sales with high stock (6 units),EXCESS / NON-MOVING STOCK
914,P25CKMDBL,Gorey,OVEN & HOB PACK,Powerpoint Black Single Oven & Ceramic Hob Pack,6,IN_STOCK,0,5,0.0,,,0,NO_SALES,UNCLASSIFIED,NO_OBSERVED_SALES,HIGH,0,0,NO ACTION,Stock level does not currently breach reorder rules,PROMOTION / MARKDOWN REVIEW,No observed positive sales with high stock (6 units),PROMOTION REVIEW,5,No observed positive sales with high stock (6 units),EXCESS / NON-MOVING STOCK
921,P39AD77,Gorey,WINE COOLERS,POWERPOINT 128CM WINE COOLER BLK,6,IN_STOCK,0,5,0.0,,,0,NO_SALES,UNCLASSIFIED,NO_OBSERVED_SALES,HIGH,0,0,NO ACTION,Stock level does not currently breach reorder rules,PROMOTION / MARKDOWN REVIEW,No observed positive sales with high stock (6 units),PROMOTION REVIEW,5,No observed positive sales with high stock (6 units),EXCESS / NON-MOVING STOCK
928,P455LM3W,Gorey,U/C FRIDGE,Powerpoint 55cm U/C Larder Fridge,6,IN_STOCK,0,5,0.0,,,0,NO_SALES,UNCLASSIFIED,NO_OBSERVED_SALES,HIGH,0,0,NO ACTION,Stock level does not currently breach reorder rules,PROMOTION / MARKDOWN REVIEW,No observed positive sales with high stock (6 units),PROMOTION REVIEW,5,No observed positive sales with high stock (6 units),EXCESS / NON-MOVING STOCK
951,PPH60GDFIXUK,Gorey,GAS HOBS,Hotpoint 60cm St/St Gas Hob,6,IN_STOCK,0,5,0.0,,,0,NO_SALES,UNCLASSIFIED,NO_OBSERVED_SALES,HIGH,0,0,NO ACTION,Stock level does not currently breach reorder rules,PROMOTION / MARKDOWN REVIEW,No observed positive sales with high stock (6 units),PROMOTION REVIEW,5,No observed positive sales with high stock (6 units),EXCESS / NON-MOVING STOCK
1052,S197ZCX08G,Gorey,INT DISHWASHERS,Neff N70 Integrated Dishwasher,6,IN_STOCK,0,5,0.0,,,0,NO_SALES,UNCLASSIFIED,NO_OBSERVED_SALES,HIGH,0,0,NO ACTION,Stock level does not currently breach reorder rules,PROMOTION / MARKDOWN REVIEW,No observed positive sales with high stock (6 units),PROMOTION REVIEW,5,No observed positive sales with high stock (6 units),EXCESS / NON-MOVING STOCK
1211,TEC645WP,Gorey,TUMBLE DRYERS,Miele 12736690 8kg Heat Pump Dryer,6,IN_STOCK,0,5,0.0,,,0,NO_SALES,UNCLASSIFIED,NO_OBSERVED_SALES,HIGH,0,0,NO ACTION,Stock level does not currently breach reorder rules,PROMOTION / MARKDOWN REVIEW,No observed positive sales with high stock (6 units),PROMOTION REVIEW,5,No observed positive sales with high stock (6 units),EXCESS / NON-MOVING STOCK
1218,TI64IG00FZ,Cavan,HOBS,AEG 60CM INDUCTION SAPHIR MATT TRIM,6,IN_STOCK,0,3,0.0,,,0,NO_SALES,UNCLASSIFIED,NO_OBSERVED_SALES,HIGH,0,0,NO ACTION,Stock level does not currently breach reorder rules,PROMOTION / MARKDOWN REVIEW,No observed positive sales with high stock (6 units),PROMOTION REVIEW,5,No observed positive sales with high stock (6 units),EXCESS / NON-MOVING STOCK
1224,TO64IA00FB,Cavan,HOBS,AEG 60cm Induction Hob,6,IN_STOCK,0,3,0.0,,,0,NO_SALES,UNCLASSIFIED,NO_OBSERVED_SALES,HIGH,0,0,NO ACTION,Stock level does not currently breach reorder rules,PROMOTION / MARKDOWN REVIEW,No observed positive sales with high stock (6 units),PROMOTION REVIEW,5,No observed positive sales with high stock (6 units),EXCESS / NON-MOVING STOCK
1233,TR749GU4B,Blanch,TUMBLE DRYERS,AEG DARK SILVER 9KG HEAT PUMP DRYER,6,IN_STOCK,0,2,0.0,,,0,NO_SALES,UNCLASSIFIED,NO_OBSERVED_SALES,HIGH,0,0,NO ACTION,Stock level does not currently breach reorder rules,PROMOTION / MARKDOWN REVIEW,No observed positive sales with high stock (6 units),PROMOTION REVIEW,5,No observed positive sales with high stock (6 units),EXCESS / NON-MOVING STOCK
1300,W8IB15M6LUK,Cavan,INT DISHWASHERS,Whirlpool Maxi Tub Integrated Dishwasher,6,IN_STOCK,0,3,0.0,,,0,NO_SALES,UNCLASSIFIED,NO_OBSERVED_SALES,HIGH,0,0,NO ACTION,Stock level does not currently breach reorder rules,PROMOTION / MARKDOWN REVIEW,No observed positive sales with high stock (6 units),PROMOTION REVIEW,5,No observed positive sales with high stock (6 units),EXCESS / NON-MOVING STOCK
1302,W9OM24S1PBSS,Belfast,SINGLE OVENS,Whirlpool Pyroclean Black 73L Single Oven,6,IN_STOCK,0,1,0.0,,,0,NO_SALES,UNCLASSIFIED,NO_OBSERVED_SALES,HIGH,0,0,NO ACTION,Stock level does not currently breach reorder rules,PROMOTION / MARKDOWN REVIEW,No observed positive sales with high stock (6 units),PROMOTION REVIEW,5,No observed positive sales with high stock (6 units),EXCESS / NON-MOVING STOCK
1304,WAN28259GB,Cavan,WASHING MACHINES,*Bosch Series 4 9kg 1400 Spin Washing Machine,6,IN_STOCK,0,3,0.0,,,0,NO_SALES,UNCLASSIFIED,NO_OBSERVED_SALES,HIGH,0,0,NO ACTION,Stock level does not currently breach reorder rules,PROMOTION / MARKDOWN REVIEW,No observed positive sales with high stock (6 units),PROMOTION REVIEW,5,No observed positive sales with high stock (6 units),EXCESS / NON-MOVING STOCK
1363,WHSD18F023C1,Cavan,INT FREEZERS,Whirlpool Integrated Tall Freezer,6,IN_STOCK,0,3,0.0,,,0,NO_SALES,UNCLASSIFIED,NO_OBSERVED_SALES,HIGH,0,0,NO ACTION,Stock level does not currently breach reorder rules,PROMOTION / MARKDOWN REVIEW,No observed positive sales with high stock (6 units),PROMOTION REVIEW,5,No observed positive sales with high stock (6 units),EXCESS / NON-MOVING STOCK
1387,WQ45G200GB,Blanch,TUMBLE DRYERS,Siemens iQ500 9kg Heat Pump Dryer,6,IN_STOCK,0,2,0.0,,,0,NO_SALES,UNCLASSIFIED,NO_OBSERVED_SALES,HIGH,0,0,NO ACTION,Stock level does not currently breach reorder rules,PROMOTION / MARKDOWN REVIEW,No observed positive sales with high stock (6 units),PROMOTION REVIEW,5,No observed positive sales with high stock (6 units),EXCESS / NON-MOVING STOCK
1391,WQG245R1GB,Cavan,TUMBLE DRYERS,*Bosch Cast Iron 9kg Heat Pump Dryer,6,IN_STOCK,0,3,0.0,,,0,NO_SALES,UNCLASSIFIED,NO_OBSERVED_SALES,HIGH,0,0,NO ACTION,Stock level does not currently breach reorder rules,PROMOTION / MARKDOWN REVIEW,No observed positive sales with high stock (6 units),PROMOTION REVIEW,5,No observed positive sales with high stock (6 units),EXCESS / NON-MOVING STOCK
1395,WTH85224GB,Belfast,TUMBLE DRYERS,*Bosch Series 4 8kg White Heat Pump Dryer,6,IN_STOCK,0,1,0.0,,,0,NO_SALES,UNCLASSIFIED,NO_OBSERVED_SALES,HIGH,0,0,NO ACTION,Stock level does not currently breach reorder rules,PROMOTION / MARKDOWN REVIEW,No observed positive sales with high stock (6 units),PROMOTION REVIEW,5,No observed positive sales with high stock (6 units),EXCESS / NON-MOVING STOCK
495,FE1404,Cavan,U/C FREEZER,Liebherr U/C Freezer 55cm with Handle,6,IN_STOCK,0,3,1.0,1.0,1.0,1,LOW,B,OBSERVED_SALES,HIGH,2,1,NO ACTION,Stock level does not currently breach reorder rules,SLOW MOVER REVIEW,Low sales velocity with high stock (6 units),SLOW MOVER REVIEW,6,Low sales velocity with high stock (6 units),SLOW-MOVING STOCK
689,KGS64362XX,Gorey,GAS HOBS,Electrolux 60cm St/St Slimline Gas Hob,6,IN_STOCK,0,5,1.0,1.0,1.0,1,LOW,B,OBSERVED_SALES,HIGH,2,1,NO ACTION,Stock level does not currently breach reorder rules,SLOW MOVER REVIEW,Low sales velocity with high stock (6 units),SLOW MOVER REVIEW,6,Low sales velocity with high stock (6 units),SLOW-MOVING STOCK
725,KOFGH40TX,Blanch,SINGLE OVENS,Electrolux St/St Single Oven,6,IN_STOCK,0,2,1.0,1.0,1.0,1,LOW,B,OBSERVED_SALES,HIGH,2,1,NO ACTION,Stock level does not currently breach reorder rules,SLOW MOVER REVIEW,Low sales velocity with high stock (6 units),SLOW MOVER REVIEW,6,Low sales velocity with high stock (6 units),SLOW-MOVING STOCK
1234,TR848A4B2,Cavan,TUMBLE DRYERS,AEG 8000 Series 8kg Heat Pump Dryer,6,IN_STOCK,0,3,1.0,1.0,1.0,1,LOW,A,OBSERVED_SALES,HIGH,3,1,NO ACTION,Stock level does not currently breach reorder rules,SLOW MOVER REVIEW,Low sales velocity with high stock (6 units),SLOW MOVER REVIEW,6,Low sales velocity with high stock (6 units),SLOW-MOVING STOCK
